-- Adminer 4.8.1 MySQL 8.0.30 dump

SET NAMES utf8;
SET time_zone = '+00:00';
SET foreign_key_checks = 0;
SET sql_mode = 'NO_AUTO_VALUE_ON_ZERO';

SET NAMES utf8mb4;

DROP TABLE IF EXISTS `blog_comments`;
CREATE TABLE `blog_comments` (
  `id` bigint unsigned NOT NULL AUTO_INCREMENT,
  `body` text CHARACTER SET utf8mb4 COLLATE utf8mb4_unicode_ci,
  `status` tinyint(1) NOT NULL DEFAULT '1',
  `blog_id` bigint unsigned NOT NULL,
  `user_id` bigint unsigned NOT NULL,
  `created_at` timestamp NULL DEFAULT NULL,
  `updated_at` timestamp NULL DEFAULT NULL,
  PRIMARY KEY (`id`),
  KEY `blog_comments_blog_id_foreign` (`blog_id`),
  KEY `blog_comments_user_id_foreign` (`user_id`),
  CONSTRAINT `blog_comments_blog_id_foreign` FOREIGN KEY (`blog_id`) REFERENCES `blogs` (`id`) ON DELETE CASCADE,
  CONSTRAINT `blog_comments_user_id_foreign` FOREIGN KEY (`user_id`) REFERENCES `users` (`id`) ON DELETE CASCADE
) ENGINE=InnoDB DEFAULT CHARSET=utf8mb4 COLLATE=utf8mb4_unicode_ci;

INSERT INTO `blog_comments` (`id`, `body`, `status`, `blog_id`, `user_id`, `created_at`, `updated_at`) VALUES
(1,	'Sample comment',	1,	1,	1,	'2025-04-03 21:08:32',	'2025-04-03 21:08:32'),
(2,	'Are you sure?',	1,	1,	1,	'2025-04-03 21:19:22',	'2025-04-03 21:19:22'),
(3,	'yes, I\'m so sure!',	1,	1,	1,	'2025-04-03 21:28:12',	'2025-04-03 21:28:12'),
(4,	'No, I\'m not!',	1,	1,	1,	'2025-04-03 21:29:41',	'2025-04-03 21:29:41'),
(5,	'',	1,	1,	1,	'2025-04-03 21:53:54',	'2025-04-03 21:53:54'),
(6,	'',	1,	1,	1,	'2025-04-03 21:56:00',	'2025-04-03 21:56:00'),
(7,	'Awesome!',	1,	1,	1,	'2025-04-03 22:01:55',	'2025-04-03 22:01:55'),
(8,	'Someone is not happy!',	1,	1,	1,	'2025-04-03 22:12:10',	'2025-04-03 22:12:10'),
(9,	'Yes, I got it.',	1,	1,	1,	'2025-04-22 15:35:31',	'2025-04-22 15:35:31'),
(10,	'Hello there.',	1,	1,	2,	'2025-04-24 01:29:52',	'2025-04-24 01:29:52'),
(11,	'Hi also. How are you?',	1,	1,	6,	'2025-04-24 01:44:12',	'2025-04-24 01:44:12'),
(12,	'Simple',	1,	1,	7,	'2025-04-24 02:06:24',	'2025-04-24 02:06:24');

DROP TABLE IF EXISTS `blogs`;
CREATE TABLE `blogs` (
  `id` bigint unsigned NOT NULL AUTO_INCREMENT,
  `title` varchar(255) COLLATE utf8mb4_unicode_ci NOT NULL,
  `body` text COLLATE utf8mb4_unicode_ci NOT NULL,
  `author` varchar(255) COLLATE utf8mb4_unicode_ci NOT NULL,
  `topic` varchar(255) COLLATE utf8mb4_unicode_ci DEFAULT NULL,
  `image` varchar(255) COLLATE utf8mb4_unicode_ci DEFAULT NULL,
  `video` varchar(255) COLLATE utf8mb4_unicode_ci DEFAULT NULL,
  `audio` varchar(255) COLLATE utf8mb4_unicode_ci DEFAULT NULL,
  `status` tinyint(1) NOT NULL DEFAULT '1',
  `date_posted` timestamp NULL DEFAULT NULL,
  `created_at` timestamp NULL DEFAULT NULL,
  `updated_at` timestamp NULL DEFAULT NULL,
  PRIMARY KEY (`id`),
  UNIQUE KEY `blogs_title_unique` (`title`)
) ENGINE=InnoDB DEFAULT CHARSET=utf8mb4 COLLATE=utf8mb4_unicode_ci;

INSERT INTO `blogs` (`id`, `title`, `body`, `author`, `topic`, `image`, `video`, `audio`, `status`, `date_posted`, `created_at`, `updated_at`) VALUES
(1,	'The Deity of Jesus Christ',	'<div><!--block-->[image]<br>The content of this blog is a <strong><em>great proof</em></strong> of the <strong>deity of Jesus Christ</strong>. I know that some of us are not really convinced with this belief but please consider reading this before you nail your judgment. I have outlined my discussion in the following manner below in order for us to follow along:<br><br></div><h1><!--block-->Outline of the Study</h1><div><!--block--><br></div><ul><li><!--block-->* His direct claims to <strong>Deity</strong><ul><li><!--block-->- His trial</li><li><!--block-->- His Personal Claims</li><li><!--block-->- His Acceptance of <strong><em>Worship as God</em></strong></li><li><!--block-->- His Claims Confirmed by Others</li></ul></li><li><!--block-->* His Indirect Claims to <strong>Deity</strong><ul><li><!--block-->- Forgiveness of Sins</li><li><!--block-->- Immutable</li><li><!--block-->- Life</li><li><!--block-->- Judgment</li></ul></li></ul><div><!--block--><br>[video]</div>',	'Virgil Rosalita',	'Deity',	'https://media.istockphoto.com/id/1464383776/photo/resurrected-jesus-christ-ascending-above-the-sky-and-clouds-heaven-concept.jpg?s=612x612&w=0&k=20&c=IIQ-5QJWSk8RGrseeVQhy7pEmXEWN1SzxWeXune-9-k=',	'https://www.youtube.com/embed/5bqFtUKNhvk',	NULL,	1,	'2025-03-27 04:28:50',	'2025-03-27 04:28:50',	'2025-03-28 01:45:06');

DROP TABLE IF EXISTS `bmaths`;
CREATE TABLE `bmaths` (
  `id` bigint unsigned NOT NULL AUTO_INCREMENT,
  `question` text CHARACTER SET utf8mb4 COLLATE utf8mb4_unicode_ci NOT NULL,
  `answer` varchar(255) CHARACTER SET utf8mb4 COLLATE utf8mb4_unicode_ci NOT NULL,
  `verses` varchar(255) CHARACTER SET utf8mb4 COLLATE utf8mb4_unicode_ci NOT NULL,
  `level` varchar(255) CHARACTER SET utf8mb4 COLLATE utf8mb4_unicode_ci NOT NULL,
  `status` tinyint(1) NOT NULL DEFAULT '1',
  `created_at` timestamp NULL DEFAULT NULL,
  `updated_at` timestamp NULL DEFAULT NULL,
  `formula` varchar(255) CHARACTER SET utf8mb4 COLLATE utf8mb4_unicode_ci DEFAULT NULL,
  PRIMARY KEY (`id`)
) ENGINE=InnoDB DEFAULT CHARSET=utf8mb4 COLLATE=utf8mb4_unicode_ci;

INSERT INTO `bmaths` (`id`, `question`, `answer`, `verses`, `level`, `status`, `created_at`, `updated_at`, `formula`) VALUES
(2,	'Number of apostles plus the number of the tribes of Israel',	'24',	'Matthew 19:28, Matthew 10:2-4',	'Easy',	1,	'2025-02-16 13:33:21',	'2025-03-15 14:48:38',	'Addition'),
(3,	'Age of Methuselah when he died plus the age of Adam when he died',	'1899',	'Genesis 5:5, Genesis 5:27',	'Average',	1,	'2025-03-15 14:55:04',	'2025-03-15 14:55:04',	'Addition'),
(4,	'Days of creation plus the days of the flood during Noah',	'46',	'Exodus 20:11, Genesis 7:12, 17',	'Easy',	1,	'2025-03-16 07:11:10',	'2025-03-16 07:11:10',	'Addition'),
(6,	'Days of Jesus\' death, burial and resurrection plus the days of Jesus\' temptation in the wilderness ',	'43',	'Matthew 28:5-6, Luke 24:5-7, Matthew 4:1-11',	'Easy',	1,	'2025-03-16 07:29:23',	'2025-03-16 07:29:23',	'Addition'),
(7,	'The number of years Noah preached before the flood came minus the number of years Israelites wandered in the wilderness',	'80',	'Numbers 14:33-34, Genesis 6:3',	'Easy',	1,	'2025-03-18 14:58:23',	'2025-03-18 14:58:23',	'Subtraction'),
(8,	'The churches of Asia in the book of Revelation multiplied by the age of Jesus Christ when he began his earthly ministry',	'210',	'Revelation 1:4, Luke 3:23',	'Average',	1,	'2025-03-18 15:08:15',	'2025-03-18 15:08:15',	'Multiplication'),
(9,	'Number of men from the tribe of Naphtali minus the number of men from the tribe of Asher to go to war during the time of Moses',	'11,900',	'Numbers 1:40-43',	'Hard',	1,	'2025-03-18 15:30:37',	'2025-03-18 15:30:37',	'Subtraction'),
(10,	'Number of men from the tribe of Dan plus the number of men from the tribe of Benjamin to go to war during the time of Moses',	'38,160',	'Numbers 1:36-39',	'Hard',	1,	'2025-03-18 15:38:21',	'2025-03-18 15:38:21',	'Addition'),
(11,	'Number of men from the tribe of Ephraim minus the number of men from the tribe of Manasseh to go to war during the time of Moses',	'8,300',	'Numbers 1:32-35',	'Hard',	1,	'2025-03-18 22:43:30',	'2025-03-18 22:43:30',	'Subtraction'),
(12,	'Number of men from the tribe of Zebulun minus the number of men from the tribe of Issachar to go to war during the time of Moses',	'3,000',	'Numbers 1:28-31',	'Hard',	1,	'2025-03-18 22:48:32',	'2025-03-18 22:48:32',	'Subtraction');

DROP TABLE IF EXISTS `books`;
CREATE TABLE `books` (
  `id` bigint unsigned NOT NULL AUTO_INCREMENT,
  `name` varchar(255) CHARACTER SET utf8mb4 COLLATE utf8mb4_unicode_ci NOT NULL,
  `status` tinyint(1) NOT NULL DEFAULT '1',
  `created_at` timestamp NULL DEFAULT NULL,
  `updated_at` timestamp NULL DEFAULT NULL,
  PRIMARY KEY (`id`)
) ENGINE=InnoDB DEFAULT CHARSET=utf8mb4 COLLATE=utf8mb4_unicode_ci;

INSERT INTO `books` (`id`, `name`, `status`, `created_at`, `updated_at`) VALUES
(2,	'Genesis',	1,	'2024-10-02 01:44:48',	'2024-10-02 01:44:48'),
(5,	'Exodus',	1,	'2024-10-02 01:45:44',	'2024-10-02 01:45:44'),
(6,	'Leviticus',	1,	'2024-10-02 01:45:51',	'2024-10-02 01:45:51'),
(7,	'Numbers',	1,	'2024-10-02 01:45:59',	'2024-10-02 01:45:59'),
(8,	'Deuteronomy',	1,	'2024-10-02 01:47:11',	'2024-10-02 01:47:11'),
(9,	'Joshua',	1,	'2024-10-02 01:47:21',	'2024-10-02 01:47:21'),
(10,	'Judges',	1,	'2024-10-02 01:47:26',	'2024-10-02 01:47:26'),
(11,	'Ruth',	1,	'2024-10-02 01:47:30',	'2024-10-02 01:47:30'),
(12,	'1 Samuel',	1,	'2024-10-02 01:47:42',	'2024-10-02 01:47:42'),
(13,	'2 Samuel',	1,	'2024-10-02 01:47:48',	'2024-10-02 01:47:48'),
(14,	'1 Kings',	1,	'2024-10-02 01:48:02',	'2024-10-02 01:48:02'),
(15,	'2 Kings',	1,	'2024-10-02 01:48:07',	'2024-10-02 01:48:07'),
(16,	'1 Chronicles',	1,	'2024-10-02 01:48:42',	'2024-10-02 01:48:42'),
(17,	'2 Chronicles',	1,	'2024-10-02 01:48:47',	'2024-10-02 01:48:47'),
(18,	'Ezra',	1,	'2024-10-02 01:49:04',	'2024-10-02 01:49:04'),
(19,	'Nehemiah',	1,	'2024-10-02 01:49:11',	'2024-10-02 01:49:11'),
(20,	'Esther',	1,	'2024-10-02 01:49:27',	'2024-10-02 01:49:27'),
(21,	'Job',	1,	'2024-10-02 01:49:34',	'2024-10-02 01:49:34'),
(22,	'Psalms',	1,	'2024-10-02 01:51:04',	'2024-10-02 01:51:04'),
(23,	'Proverbs',	1,	'2024-10-02 01:51:10',	'2024-10-02 01:51:10'),
(24,	'Ecclesiastes',	1,	'2024-10-02 01:51:23',	'2024-10-02 01:51:23'),
(25,	'Song of Solomon',	1,	'2024-10-02 01:52:22',	'2024-10-02 01:52:22'),
(26,	'Isaiah',	1,	'2024-10-02 01:52:35',	'2024-10-02 01:52:35'),
(27,	'Jeremiah',	1,	'2024-10-02 01:52:45',	'2024-10-02 01:52:45'),
(28,	'Lamentations',	1,	'2024-10-02 01:52:59',	'2024-10-02 01:52:59'),
(29,	'Ezekiel',	1,	'2024-10-02 01:53:15',	'2024-10-02 01:53:15'),
(30,	'Daniel',	1,	'2024-10-02 01:53:25',	'2024-10-02 01:53:25'),
(31,	'Hosea',	1,	'2024-10-02 01:53:30',	'2024-10-02 01:53:30'),
(32,	'Joel',	1,	'2024-10-02 01:53:37',	'2024-10-02 01:53:37'),
(33,	'Amos',	1,	'2024-10-02 01:53:50',	'2024-10-02 01:53:50'),
(34,	'Obadiah',	1,	'2024-10-02 01:54:08',	'2024-10-02 01:54:08'),
(35,	'Jonah',	1,	'2024-10-02 01:54:22',	'2024-10-02 01:54:22'),
(36,	'Micah',	1,	'2024-10-02 01:54:32',	'2024-10-02 01:54:32'),
(37,	'Nahum',	1,	'2024-10-02 01:54:38',	'2024-10-02 01:54:38'),
(38,	'Habakkuk',	1,	'2024-10-02 01:55:02',	'2024-10-02 01:55:02'),
(39,	'Zephaniah',	1,	'2024-10-02 02:12:03',	'2024-10-02 02:12:03'),
(40,	'Haggai',	1,	'2024-10-02 02:12:13',	'2024-10-02 02:12:13'),
(41,	'Zechariah',	1,	'2024-10-02 02:12:19',	'2024-10-02 02:12:19'),
(42,	'Malachi',	1,	'2024-10-02 02:12:32',	'2024-10-02 02:12:32'),
(43,	'Matthew',	1,	'2024-10-02 02:12:45',	'2024-10-02 02:12:45'),
(44,	'Mark',	1,	'2024-10-02 02:12:52',	'2024-10-02 02:12:52'),
(45,	'Luke',	1,	'2024-10-02 02:12:56',	'2024-10-02 02:12:56'),
(46,	'John',	1,	'2024-10-02 02:13:05',	'2024-10-02 02:13:05'),
(47,	'Acts',	1,	'2024-10-02 02:13:10',	'2024-10-02 02:13:10'),
(48,	'Romans',	1,	'2024-10-02 02:13:15',	'2024-10-02 02:13:15'),
(49,	'1 Corinthians',	1,	'2024-10-02 02:13:28',	'2024-10-02 02:13:28'),
(50,	'2 Corinthians',	1,	'2024-10-02 02:13:33',	'2024-10-02 02:13:33'),
(51,	'Galatians',	1,	'2024-10-02 02:13:46',	'2024-10-02 02:13:46'),
(52,	'Ephesians',	1,	'2024-10-02 02:13:53',	'2024-10-02 02:13:53'),
(53,	'Philippians',	1,	'2024-10-02 02:14:10',	'2024-10-02 02:14:10'),
(54,	'Colossians',	1,	'2024-10-02 02:14:29',	'2024-10-02 02:14:29'),
(55,	'1 Thessalonians',	1,	'2024-10-02 02:14:54',	'2024-10-02 02:14:54'),
(56,	'2 Thessalonians',	1,	'2024-10-02 02:14:58',	'2024-10-02 02:14:58'),
(57,	'1 Timothy',	1,	'2024-10-02 02:15:28',	'2024-10-02 02:15:28'),
(58,	'2 Timothy',	1,	'2024-10-02 02:15:36',	'2024-10-02 02:15:36'),
(59,	'Titus',	1,	'2024-10-02 02:15:44',	'2024-10-02 02:15:44'),
(60,	'Philemon',	1,	'2024-10-02 02:15:54',	'2024-10-02 02:15:54'),
(61,	'Hebrews',	1,	'2024-10-02 02:16:07',	'2024-10-02 02:16:07'),
(62,	'James',	1,	'2024-10-02 02:16:20',	'2024-10-02 02:16:20'),
(63,	'1 Peter',	1,	'2024-10-02 02:16:26',	'2024-10-02 02:16:26'),
(64,	'2 Peter',	1,	'2024-10-02 02:16:31',	'2024-10-02 02:16:31'),
(65,	'1 John',	1,	'2024-10-02 02:16:37',	'2024-10-02 02:16:37'),
(66,	'2 John',	1,	'2024-10-02 02:16:42',	'2024-10-02 02:16:42'),
(67,	'3 John',	1,	'2024-10-02 02:16:54',	'2024-10-02 02:16:54'),
(68,	'Jude',	1,	'2024-10-02 02:17:05',	'2024-10-02 02:17:05'),
(69,	'Revelation',	1,	'2024-10-02 02:17:10',	'2024-10-02 02:17:10');

DROP TABLE IF EXISTS `comments`;
CREATE TABLE `comments` (
  `id` bigint unsigned NOT NULL AUTO_INCREMENT,
  `author` varchar(255) CHARACTER SET utf8mb4 COLLATE utf8mb4_unicode_ci NOT NULL,
  `message` text CHARACTER SET utf8mb4 COLLATE utf8mb4_unicode_ci NOT NULL,
  `status` tinyint(1) NOT NULL DEFAULT '1',
  `quiz_id` bigint unsigned NOT NULL,
  `created_at` timestamp NULL DEFAULT NULL,
  `updated_at` timestamp NULL DEFAULT NULL,
  PRIMARY KEY (`id`),
  KEY `comments_quiz_id_foreign` (`quiz_id`),
  CONSTRAINT `comments_quiz_id_foreign` FOREIGN KEY (`quiz_id`) REFERENCES `quizzes` (`id`) ON DELETE CASCADE
) ENGINE=InnoDB DEFAULT CHARSET=utf8mb4 COLLATE=utf8mb4_unicode_ci;


DROP TABLE IF EXISTS `contacts`;
CREATE TABLE `contacts` (
  `id` bigint unsigned NOT NULL AUTO_INCREMENT,
  `name` varchar(255) CHARACTER SET utf8mb4 COLLATE utf8mb4_unicode_ci NOT NULL,
  `email` varchar(255) CHARACTER SET utf8mb4 COLLATE utf8mb4_unicode_ci NOT NULL,
  `message` text CHARACTER SET utf8mb4 COLLATE utf8mb4_unicode_ci NOT NULL,
  `created_at` timestamp NULL DEFAULT NULL,
  `updated_at` timestamp NULL DEFAULT NULL,
  `replied` tinyint(1) NOT NULL DEFAULT '0',
  PRIMARY KEY (`id`),
  UNIQUE KEY `contacts_email_unique` (`email`)
) ENGINE=InnoDB DEFAULT CHARSET=utf8mb4 COLLATE=utf8mb4_unicode_ci;

INSERT INTO `contacts` (`id`, `name`, `email`, `message`, `created_at`, `updated_at`, `replied`) VALUES
(1,	'Rupal',	'rupaldubey115@gmail.com',	'Hey Dear,\n\nI came across your website have looked at your website and realized your website has looking good design but your website ranking is not good on major search engines Google, and Bing etc..\n\nOur main focus will be to help generate more conversations & online Views.\n\nWe can place your website on Google\'s 1st page. We will improve your website’s position on all search engines and getting more Views.\n\nPlease share your email, website and WhatsApp number to further discussion.\n\nThank You,\nRupal Dubey\nSEO Expert',	'2024-09-30 10:05:09',	'2024-09-30 11:42:20',	1),
(2,	'Harvey Miller',	'harveymiller.websolution8@gmail.com',	'Hi, \n\nI noticed that your website is having SEO problems, which is affect its visibility in search engines like Google, Bing, and Yahoo. We are ready to help you! Please provide your phone number and a convenient time for a call, so we can work together to resolve this issue as quickly as possible.\n\nBest Regards,\nHarvey Miller',	'2024-09-30 21:38:25',	'2024-09-30 21:38:25',	0);

DROP TABLE IF EXISTS `download_limits`;
CREATE TABLE `download_limits` (
  `id` bigint unsigned NOT NULL AUTO_INCREMENT,
  `limit` int NOT NULL,
  `created_at` timestamp NULL DEFAULT NULL,
  `updated_at` timestamp NULL DEFAULT NULL,
  `app` varchar(150) CHARACTER SET utf8mb4 COLLATE utf8mb4_unicode_ci DEFAULT '',
  `items` int NOT NULL DEFAULT '0',
  PRIMARY KEY (`id`)
) ENGINE=InnoDB DEFAULT CHARSET=utf8mb4 COLLATE=utf8mb4_unicode_ci;

INSERT INTO `download_limits` (`id`, `limit`, `created_at`, `updated_at`, `app`, `items`) VALUES
(1,	100,	'2024-08-30 00:07:20',	'2025-03-16 07:34:02',	'Bible Quiz',	125),
(3,	100,	'2024-09-16 19:38:38',	'2024-10-20 09:11:50',	'Bible Scavenger',	0),
(4,	100,	'2024-09-17 02:00:28',	'2024-10-20 09:11:44',	'Bible Outline',	0),
(5,	100,	'2025-03-06 04:56:13',	'2025-03-06 04:56:13',	'Bible Math',	100);

DROP TABLE IF EXISTS `failed_jobs`;
CREATE TABLE `failed_jobs` (
  `id` bigint unsigned NOT NULL AUTO_INCREMENT,
  `uuid` varchar(255) CHARACTER SET utf8mb4 COLLATE utf8mb4_unicode_ci NOT NULL,
  `connection` text CHARACTER SET utf8mb4 COLLATE utf8mb4_unicode_ci NOT NULL,
  `queue` text CHARACTER SET utf8mb4 COLLATE utf8mb4_unicode_ci NOT NULL,
  `payload` longtext CHARACTER SET utf8mb4 COLLATE utf8mb4_unicode_ci NOT NULL,
  `exception` longtext CHARACTER SET utf8mb4 COLLATE utf8mb4_unicode_ci NOT NULL,
  `failed_at` timestamp NOT NULL DEFAULT CURRENT_TIMESTAMP,
  PRIMARY KEY (`id`),
  UNIQUE KEY `failed_jobs_uuid_unique` (`uuid`)
) ENGINE=InnoDB DEFAULT CHARSET=utf8mb4 COLLATE=utf8mb4_unicode_ci;


DROP TABLE IF EXISTS `likes`;
CREATE TABLE `likes` (
  `id` bigint unsigned NOT NULL AUTO_INCREMENT,
  `blog_id` bigint unsigned NOT NULL,
  `created_at` timestamp NULL DEFAULT NULL,
  `updated_at` timestamp NULL DEFAULT NULL,
  PRIMARY KEY (`id`),
  KEY `likes_blog_id_foreign` (`blog_id`),
  CONSTRAINT `likes_blog_id_foreign` FOREIGN KEY (`blog_id`) REFERENCES `blogs` (`id`) ON DELETE CASCADE
) ENGINE=InnoDB DEFAULT CHARSET=utf8mb4 COLLATE=utf8mb4_unicode_ci;

INSERT INTO `likes` (`id`, `blog_id`, `created_at`, `updated_at`) VALUES
(1,	1,	'2025-04-24 23:59:37',	'2025-04-24 23:59:37'),
(2,	1,	'2025-04-24 23:59:49',	'2025-04-24 23:59:49');

DROP TABLE IF EXISTS `math_options`;
CREATE TABLE `math_options` (
  `id` bigint unsigned NOT NULL AUTO_INCREMENT,
  `option` varchar(255) CHARACTER SET utf8mb4 COLLATE utf8mb4_unicode_ci NOT NULL,
  `bmath_id` bigint unsigned NOT NULL,
  `created_at` timestamp NULL DEFAULT NULL,
  `updated_at` timestamp NULL DEFAULT NULL,
  PRIMARY KEY (`id`),
  KEY `math_options_bmath_id_foreign` (`bmath_id`),
  CONSTRAINT `math_options_bmath_id_foreign` FOREIGN KEY (`bmath_id`) REFERENCES `bmaths` (`id`) ON DELETE CASCADE
) ENGINE=InnoDB DEFAULT CHARSET=utf8mb4 COLLATE=utf8mb4_unicode_ci;

INSERT INTO `math_options` (`id`, `option`, `bmath_id`, `created_at`, `updated_at`) VALUES
(2,	'12',	2,	'2025-03-06 08:01:10',	'2025-03-06 08:01:10'),
(3,	'16',	2,	'2025-03-06 08:05:41',	'2025-03-06 08:05:41'),
(4,	'24',	2,	'2025-03-06 08:05:48',	'2025-03-06 08:05:48'),
(5,	'11',	2,	'2025-03-06 08:05:59',	'2025-03-06 08:05:59'),
(6,	'1800',	3,	'2025-03-15 14:55:24',	'2025-03-15 14:55:24'),
(7,	'1899',	3,	'2025-03-15 14:55:34',	'2025-03-15 14:55:34'),
(8,	'1900',	3,	'2025-03-15 14:55:44',	'2025-03-15 14:55:44'),
(9,	'1700',	3,	'2025-03-15 14:55:52',	'2025-03-15 14:55:52'),
(10,	'46',	4,	'2025-03-16 07:11:54',	'2025-03-16 07:11:54'),
(11,	'50',	4,	'2025-03-16 07:12:04',	'2025-03-16 07:12:04'),
(12,	'40',	4,	'2025-03-16 07:12:18',	'2025-03-16 07:12:18'),
(13,	'44',	4,	'2025-03-16 07:12:39',	'2025-03-16 07:12:39'),
(14,	'30',	6,	'2025-03-16 07:29:50',	'2025-03-16 07:29:50'),
(15,	'42',	6,	'2025-03-16 07:29:58',	'2025-03-16 07:29:58'),
(16,	'44',	6,	'2025-03-16 07:30:05',	'2025-03-16 07:30:05'),
(17,	'43',	6,	'2025-03-16 07:30:12',	'2025-03-16 07:30:12'),
(18,	'70',	7,	'2025-03-18 14:58:31',	'2025-03-18 14:58:31'),
(19,	'90',	7,	'2025-03-18 14:58:38',	'2025-03-18 14:58:38'),
(20,	'80',	7,	'2025-03-18 14:58:44',	'2025-03-18 14:58:44'),
(21,	'60',	7,	'2025-03-18 14:58:50',	'2025-03-18 14:58:50'),
(22,	'200',	8,	'2025-03-18 15:08:26',	'2025-03-18 15:08:26'),
(23,	'215',	8,	'2025-03-18 15:08:45',	'2025-03-18 15:08:45'),
(24,	'220',	8,	'2025-03-18 15:08:54',	'2025-03-18 15:08:54'),
(25,	'210',	8,	'2025-03-18 15:09:02',	'2025-03-18 15:09:02'),
(26,	'12,000',	9,	'2025-03-18 15:30:57',	'2025-03-18 15:30:57'),
(27,	'11,900',	9,	'2025-03-18 15:31:07',	'2025-03-18 15:31:07'),
(28,	'11,800',	9,	'2025-03-18 15:31:16',	'2025-03-18 15:31:16'),
(29,	'10,500',	9,	'2025-03-18 15:31:30',	'2025-03-18 15:31:30'),
(30,	'38,160',	10,	'2025-03-18 15:38:42',	'2025-03-18 15:39:03'),
(31,	'39,000',	10,	'2025-03-18 15:39:18',	'2025-03-18 15:39:18'),
(32,	'37,450',	10,	'2025-03-18 15:39:28',	'2025-03-18 15:39:28'),
(33,	'37,560',	10,	'2025-03-18 15:39:44',	'2025-03-18 15:39:44'),
(34,	'8,300',	11,	'2025-03-18 22:43:54',	'2025-03-18 22:43:54'),
(35,	'8,400',	11,	'2025-03-18 22:44:03',	'2025-03-18 22:44:03'),
(36,	'8,500',	11,	'2025-03-18 22:44:10',	'2025-03-18 22:44:10'),
(37,	'8,600',	11,	'2025-03-18 22:44:21',	'2025-03-18 22:44:21'),
(38,	'4,000',	12,	'2025-03-18 22:48:48',	'2025-03-18 22:48:48'),
(39,	'3,000',	12,	'2025-03-18 22:49:02',	'2025-03-18 22:49:02'),
(40,	'5,000',	12,	'2025-03-18 22:49:17',	'2025-03-18 22:49:17'),
(41,	'6,000',	12,	'2025-03-18 22:49:31',	'2025-03-18 22:49:31');

DROP TABLE IF EXISTS `migrations`;
CREATE TABLE `migrations` (
  `id` int unsigned NOT NULL AUTO_INCREMENT,
  `migration` varchar(255) CHARACTER SET utf8mb4 COLLATE utf8mb4_unicode_ci NOT NULL,
  `batch` int NOT NULL,
  PRIMARY KEY (`id`)
) ENGINE=InnoDB DEFAULT CHARSET=utf8mb4 COLLATE=utf8mb4_unicode_ci;

INSERT INTO `migrations` (`id`, `migration`, `batch`) VALUES
(1,	'2014_10_12_000000_create_users_table',	1),
(2,	'2014_10_12_100000_create_password_reset_tokens_table',	1),
(3,	'2019_08_19_000000_create_failed_jobs_table',	1),
(4,	'2019_12_14_000001_create_personal_access_tokens_table',	1),
(5,	'2024_08_09_151727_create_quizzes_table',	1),
(6,	'2024_08_10_211931_create_topics_table',	2),
(7,	'2024_08_10_221205_create_quizzes_table',	3),
(8,	'2024_08_16_023833_create_selections_table',	4),
(9,	'2024_08_29_011009_create_comments_table',	5),
(10,	'2024_08_30_080052_create_download_limits_table',	6),
(11,	'2024_08_30_082158_create_seo_table',	7),
(12,	'2024_09_04_090239_create_contacts_table',	7),
(13,	'2024_09_17_021921_add_app_to_download_limits_table',	8),
(14,	'2024_09_17_235242_create_scavengers_table',	9),
(15,	'2024_09_17_235945_create_targets_table',	9),
(16,	'2024_09_18_071526_create_seos_table',	10),
(18,	'2024_09_19_135238_add_others_to_seos_table',	11),
(19,	'2024_09_21_064959_create_outlines_table',	12),
(20,	'2024_09_21_065544_create_points_table',	12),
(21,	'2024_09_21_070115_create_subpoints_table',	12),
(22,	'2024_09_24_140056_add_body_to_subpoints_table',	13),
(23,	'2024_09_24_170945_add_replied_to_contacts_table',	14),
(24,	'2024_10_02_001114_create_books_table',	15),
(25,	'2024_10_02_023536_add_book_id_to_quizzes_table',	16),
(26,	'2024_12_04_082301_add_items_to_download_limits_table',	17),
(27,	'2025_01_16_150524_create_bmaths_table',	18),
(28,	'2025_02_17_045529_create_math_options_table',	19),
(29,	'2025_03_06_113834_add_formula_to_bmaths_table',	20),
(38,	'2025_03_20_114339_create_blogs_table',	21),
(39,	'2025_03_20_121106_create_blog_comments_table',	21),
(40,	'2016_06_01_000001_create_oauth_auth_codes_table',	22),
(41,	'2016_06_01_000002_create_oauth_access_tokens_table',	22),
(42,	'2016_06_01_000003_create_oauth_refresh_tokens_table',	22),
(43,	'2016_06_01_000004_create_oauth_clients_table',	22),
(44,	'2016_06_01_000005_create_oauth_personal_access_clients_table',	22),
(45,	'2025_04_24_110015_create_likes_table',	23),
(46,	'2025_04_25_115214_create_permission_tables',	24);

DROP TABLE IF EXISTS `model_has_permissions`;
CREATE TABLE `model_has_permissions` (
  `permission_id` bigint unsigned NOT NULL,
  `model_type` varchar(255) COLLATE utf8mb4_unicode_ci NOT NULL,
  `model_id` bigint unsigned NOT NULL,
  PRIMARY KEY (`permission_id`,`model_id`,`model_type`),
  KEY `model_has_permissions_model_id_model_type_index` (`model_id`,`model_type`),
  CONSTRAINT `model_has_permissions_permission_id_foreign` FOREIGN KEY (`permission_id`) REFERENCES `permissions` (`id`) ON DELETE CASCADE
) ENGINE=InnoDB DEFAULT CHARSET=utf8mb4 COLLATE=utf8mb4_unicode_ci;


DROP TABLE IF EXISTS `model_has_roles`;
CREATE TABLE `model_has_roles` (
  `role_id` bigint unsigned NOT NULL,
  `model_type` varchar(255) COLLATE utf8mb4_unicode_ci NOT NULL,
  `model_id` bigint unsigned NOT NULL,
  PRIMARY KEY (`role_id`,`model_id`,`model_type`),
  KEY `model_has_roles_model_id_model_type_index` (`model_id`,`model_type`),
  CONSTRAINT `model_has_roles_role_id_foreign` FOREIGN KEY (`role_id`) REFERENCES `roles` (`id`) ON DELETE CASCADE
) ENGINE=InnoDB DEFAULT CHARSET=utf8mb4 COLLATE=utf8mb4_unicode_ci;

INSERT INTO `model_has_roles` (`role_id`, `model_type`, `model_id`) VALUES
(2,	'App\\Models\\User',	10);

DROP TABLE IF EXISTS `oauth_access_tokens`;
CREATE TABLE `oauth_access_tokens` (
  `id` varchar(100) COLLATE utf8mb4_unicode_ci NOT NULL,
  `user_id` bigint unsigned DEFAULT NULL,
  `client_id` bigint unsigned NOT NULL,
  `name` varchar(255) COLLATE utf8mb4_unicode_ci DEFAULT NULL,
  `scopes` text COLLATE utf8mb4_unicode_ci,
  `revoked` tinyint(1) NOT NULL,
  `created_at` timestamp NULL DEFAULT NULL,
  `updated_at` timestamp NULL DEFAULT NULL,
  `expires_at` datetime DEFAULT NULL,
  PRIMARY KEY (`id`),
  KEY `oauth_access_tokens_user_id_index` (`user_id`)
) ENGINE=InnoDB DEFAULT CHARSET=utf8mb4 COLLATE=utf8mb4_unicode_ci;


DROP TABLE IF EXISTS `oauth_auth_codes`;
CREATE TABLE `oauth_auth_codes` (
  `id` varchar(100) COLLATE utf8mb4_unicode_ci NOT NULL,
  `user_id` bigint unsigned NOT NULL,
  `client_id` bigint unsigned NOT NULL,
  `scopes` text COLLATE utf8mb4_unicode_ci,
  `revoked` tinyint(1) NOT NULL,
  `expires_at` datetime DEFAULT NULL,
  PRIMARY KEY (`id`),
  KEY `oauth_auth_codes_user_id_index` (`user_id`)
) ENGINE=InnoDB DEFAULT CHARSET=utf8mb4 COLLATE=utf8mb4_unicode_ci;


DROP TABLE IF EXISTS `oauth_clients`;
CREATE TABLE `oauth_clients` (
  `id` bigint unsigned NOT NULL AUTO_INCREMENT,
  `user_id` bigint unsigned DEFAULT NULL,
  `name` varchar(255) COLLATE utf8mb4_unicode_ci NOT NULL,
  `secret` varchar(100) COLLATE utf8mb4_unicode_ci DEFAULT NULL,
  `provider` varchar(255) COLLATE utf8mb4_unicode_ci DEFAULT NULL,
  `redirect` text COLLATE utf8mb4_unicode_ci NOT NULL,
  `personal_access_client` tinyint(1) NOT NULL,
  `password_client` tinyint(1) NOT NULL,
  `revoked` tinyint(1) NOT NULL,
  `created_at` timestamp NULL DEFAULT NULL,
  `updated_at` timestamp NULL DEFAULT NULL,
  PRIMARY KEY (`id`),
  KEY `oauth_clients_user_id_index` (`user_id`)
) ENGINE=InnoDB DEFAULT CHARSET=utf8mb4 COLLATE=utf8mb4_unicode_ci;

INSERT INTO `oauth_clients` (`id`, `user_id`, `name`, `secret`, `provider`, `redirect`, `personal_access_client`, `password_client`, `revoked`, `created_at`, `updated_at`) VALUES
(1,	NULL,	'Bible Prudence Personal Access Client',	'bUsVU7uQwtil7qt6hZDpA2bR6bQ0Dqm43HNv1ruA',	NULL,	'http://localhost',	1,	0,	0,	'2025-03-31 03:48:11',	'2025-03-31 03:48:11'),
(2,	NULL,	'Bible Prudence Password Grant Client',	'XEHzhx7JYQHGxHJTzMGjezQRCVKH8WEpSApyfUW5',	'users',	'http://localhost',	0,	1,	0,	'2025-03-31 03:48:11',	'2025-03-31 03:48:11'),
(3,	NULL,	'Bible Prudence Personal Access Client',	't4Rog4ZfGEzrYKYC9Ryxt06n0QDQZx9ih4cRnnyo',	NULL,	'http://localhost',	1,	0,	0,	'2025-04-02 07:26:43',	'2025-04-02 07:26:43'),
(4,	NULL,	'Bible Prudence Password Grant Client',	'a4qfSrURyEImY7qrEbSjFoRwM4u7F9mu2U9BD6bg',	'users',	'http://localhost',	0,	1,	0,	'2025-04-02 07:26:43',	'2025-04-02 07:26:43');

DROP TABLE IF EXISTS `oauth_personal_access_clients`;
CREATE TABLE `oauth_personal_access_clients` (
  `id` bigint unsigned NOT NULL AUTO_INCREMENT,
  `client_id` bigint unsigned NOT NULL,
  `created_at` timestamp NULL DEFAULT NULL,
  `updated_at` timestamp NULL DEFAULT NULL,
  PRIMARY KEY (`id`)
) ENGINE=InnoDB DEFAULT CHARSET=utf8mb4 COLLATE=utf8mb4_unicode_ci;

INSERT INTO `oauth_personal_access_clients` (`id`, `client_id`, `created_at`, `updated_at`) VALUES
(1,	1,	'2025-03-31 03:48:11',	'2025-03-31 03:48:11'),
(2,	3,	'2025-04-02 07:26:43',	'2025-04-02 07:26:43');

DROP TABLE IF EXISTS `oauth_refresh_tokens`;
CREATE TABLE `oauth_refresh_tokens` (
  `id` varchar(100) COLLATE utf8mb4_unicode_ci NOT NULL,
  `access_token_id` varchar(100) COLLATE utf8mb4_unicode_ci NOT NULL,
  `revoked` tinyint(1) NOT NULL,
  `expires_at` datetime DEFAULT NULL,
  PRIMARY KEY (`id`),
  KEY `oauth_refresh_tokens_access_token_id_index` (`access_token_id`)
) ENGINE=InnoDB DEFAULT CHARSET=utf8mb4 COLLATE=utf8mb4_unicode_ci;


DROP TABLE IF EXISTS `outlines`;
CREATE TABLE `outlines` (
  `id` bigint unsigned NOT NULL AUTO_INCREMENT,
  `text` varchar(255) CHARACTER SET utf8mb4 COLLATE utf8mb4_unicode_ci DEFAULT NULL,
  `support_text` varchar(255) CHARACTER SET utf8mb4 COLLATE utf8mb4_unicode_ci DEFAULT NULL,
  `theme` varchar(255) CHARACTER SET utf8mb4 COLLATE utf8mb4_unicode_ci DEFAULT NULL,
  `introduction` text CHARACTER SET utf8mb4 COLLATE utf8mb4_unicode_ci,
  `keyword` varchar(255) CHARACTER SET utf8mb4 COLLATE utf8mb4_unicode_ci DEFAULT NULL,
  `proposition` varchar(255) CHARACTER SET utf8mb4 COLLATE utf8mb4_unicode_ci DEFAULT NULL,
  `conclusion` text CHARACTER SET utf8mb4 COLLATE utf8mb4_unicode_ci,
  `topic_id` bigint unsigned NOT NULL,
  `created_at` timestamp NULL DEFAULT NULL,
  `updated_at` timestamp NULL DEFAULT NULL,
  PRIMARY KEY (`id`),
  KEY `outlines_topic_id_foreign` (`topic_id`),
  CONSTRAINT `outlines_topic_id_foreign` FOREIGN KEY (`topic_id`) REFERENCES `topics` (`id`) ON DELETE CASCADE
) ENGINE=InnoDB DEFAULT CHARSET=utf8mb4 COLLATE=utf8mb4_unicode_ci;

INSERT INTO `outlines` (`id`, `text`, `support_text`, `theme`, `introduction`, `keyword`, `proposition`, `conclusion`, `topic_id`, `created_at`, `updated_at`) VALUES
(3,	'Hebrews 11:1-40',	'2 Samuel 15:17-23, Proverbs 3:3-4, Proverbs 14:22, Proverbs 16:6, Proverbs 20:28',	'Why do we need to be faithful to our God?',	'- Loyalty is often associated with faithfulness\n- One of the famous story in the Bible showing these kind of behavior is found in the life of Ittai, one of the soldiers of king David',	'Reasons',	'There are compelling reasons why do we need to be faithful to our God',	'- Be loyal and faithful to our Lord in every season of our lives.',	10,	'2024-09-28 13:32:25',	'2024-09-28 13:32:25'),
(4,	'1 Peter 5:1-10',	'Proverbs 22:4',	'The blessings of being humble in the sight of God',	'We can look at the life of Moses.',	'blessings',	'There are so many great blessing when we are humble in the sight of our God',	'Be humble and you can have these things.',	4,	'2024-10-05 13:44:51',	'2024-10-05 13:44:51'),
(5,	'Psalms 23:1-6',	'Psalms 91, Hebrews 13:5-6, 1 Samuel 16, 1 Peter 5:7',	'Only God can help us in everything we need',	'David as the writer of the book told his experience on how God cares for him very much.',	'cares of God',	'There are things that we need to consider according to these verses on how God cares for us',	'This is the very reason why we can serve the Lord in His church continually until He comes back. (verse 6-b).\nSo, let us bow down before our God and surrender everything into His will and we will surely find true happiness in serving Him. Remember \"Only God and God alone can help us in everything we need\".',	6,	'2024-10-12 13:58:50',	'2024-10-12 14:50:54'),
(6,	'Jeremiah 10:23',	'Jer. 9:23-24, Prov. 3:5-7, Jer. 17:5-8, Rom. 8:14, Jer. 29:11, Isa. 55:8-9, John 14:1',	'Divine guidance versus human dependence',	'Jeremiah is known as the crying prophet in the Bible. Why? Because the whole book he wrote was all about his lamentations for the nation of Israel as God\'s chosen people. And according to Oxford dictionary, lamentation means \"the passionate expression of grief or sorrow or weeping\". Because this book pictures out a relationship between a husband (God) and an adulterous wife (Israel).',	'ways',	'There are secure ways on how God guides His children',	'Let not your heart be troubled. Trust in God and God alone. (John 14:1). When you\'re not so sure where will you spend your eternity, Jesus offered His life for you. Accept Him as your personal Lord and Savior and surrender all your sins upon Him and He will forgive you and wash all your sins away. This is the only God\'s way to save you and give you assurance to spend your eternity in Heaven. After this security, God wants you to grow as a newly born again child of God because He wants you to be used in the future for His glory. That\'s why He prepares a home for you and that is His \"Church\" (1 Tim. 3:15) so that you will not be lost in His will for you as His dear child.',	6,	'2025-02-17 07:07:49',	'2025-02-21 07:50:23');

DROP TABLE IF EXISTS `password_reset_tokens`;
CREATE TABLE `password_reset_tokens` (
  `email` varchar(255) CHARACTER SET utf8mb4 COLLATE utf8mb4_unicode_ci NOT NULL,
  `token` varchar(255) CHARACTER SET utf8mb4 COLLATE utf8mb4_unicode_ci NOT NULL,
  `created_at` timestamp NULL DEFAULT NULL,
  PRIMARY KEY (`email`)
) ENGINE=InnoDB DEFAULT CHARSET=utf8mb4 COLLATE=utf8mb4_unicode_ci;


DROP TABLE IF EXISTS `permissions`;
CREATE TABLE `permissions` (
  `id` bigint unsigned NOT NULL AUTO_INCREMENT,
  `name` varchar(255) COLLATE utf8mb4_unicode_ci NOT NULL,
  `guard_name` varchar(255) COLLATE utf8mb4_unicode_ci NOT NULL,
  `created_at` timestamp NULL DEFAULT NULL,
  `updated_at` timestamp NULL DEFAULT NULL,
  PRIMARY KEY (`id`),
  UNIQUE KEY `permissions_name_guard_name_unique` (`name`,`guard_name`)
) ENGINE=InnoDB DEFAULT CHARSET=utf8mb4 COLLATE=utf8mb4_unicode_ci;


DROP TABLE IF EXISTS `personal_access_tokens`;
CREATE TABLE `personal_access_tokens` (
  `id` bigint unsigned NOT NULL AUTO_INCREMENT,
  `tokenable_type` varchar(255) CHARACTER SET utf8mb4 COLLATE utf8mb4_unicode_ci NOT NULL,
  `tokenable_id` bigint unsigned NOT NULL,
  `name` varchar(255) CHARACTER SET utf8mb4 COLLATE utf8mb4_unicode_ci NOT NULL,
  `token` varchar(64) CHARACTER SET utf8mb4 COLLATE utf8mb4_unicode_ci NOT NULL,
  `abilities` text CHARACTER SET utf8mb4 COLLATE utf8mb4_unicode_ci,
  `last_used_at` timestamp NULL DEFAULT NULL,
  `expires_at` timestamp NULL DEFAULT NULL,
  `created_at` timestamp NULL DEFAULT NULL,
  `updated_at` timestamp NULL DEFAULT NULL,
  PRIMARY KEY (`id`),
  UNIQUE KEY `personal_access_tokens_token_unique` (`token`),
  KEY `personal_access_tokens_tokenable_type_tokenable_id_index` (`tokenable_type`,`tokenable_id`)
) ENGINE=InnoDB DEFAULT CHARSET=utf8mb4 COLLATE=utf8mb4_unicode_ci;

INSERT INTO `personal_access_tokens` (`id`, `tokenable_type`, `tokenable_id`, `name`, `token`, `abilities`, `last_used_at`, `expires_at`, `created_at`, `updated_at`) VALUES
(1,	'App\\Models\\User',	1,	'AuthToken',	'0a512d69bfd1eeaf95fb5b978c04181055e1909837d495eadbc3b9a6a5cff475',	'[\"*\"]',	NULL,	NULL,	'2025-04-03 07:24:34',	'2025-04-03 07:24:34'),
(2,	'App\\Models\\User',	1,	'AuthToken',	'b16e2249f007a277fbc75ffd2bfff691bdd506cffdfdfc246841ab63aff33a70',	'[\"*\"]',	NULL,	NULL,	'2025-04-03 07:33:38',	'2025-04-03 07:33:38'),
(3,	'App\\Models\\User',	1,	'AuthToken',	'f561317b0afc21dbd7561d53a0c65920f7017184bc9ba9a2ab7d5320542f7778',	'[\"*\"]',	NULL,	NULL,	'2025-04-03 07:35:24',	'2025-04-03 07:35:24'),
(4,	'App\\Models\\User',	1,	'AuthToken',	'81db1041744f29bef840d46e7e06c6e87c90b180960188f4205cdd45619835a9',	'[\"*\"]',	NULL,	NULL,	'2025-04-03 07:36:39',	'2025-04-03 07:36:39'),
(5,	'App\\Models\\User',	1,	'AuthToken',	'37a0c6d4071f46e6a6c67082c94dfeb58366f7d01a1925006367462d718cba49',	'[\"*\"]',	NULL,	NULL,	'2025-04-03 07:39:27',	'2025-04-03 07:39:27'),
(6,	'App\\Models\\User',	1,	'AuthToken',	'b1deca4cefcdb33c153c00143768fb0f72ca809d30dadd3d7f9edc795361f37b',	'[\"*\"]',	NULL,	NULL,	'2025-04-03 07:40:08',	'2025-04-03 07:40:08'),
(7,	'App\\Models\\User',	1,	'AuthToken',	'0ecbb5bdd154ad7074d955d59e2b82f489aeb997bc2b3cf834d63f4feace206c',	'[\"*\"]',	NULL,	NULL,	'2025-04-03 07:42:32',	'2025-04-03 07:42:32'),
(8,	'App\\Models\\User',	1,	'AuthToken',	'cc5c6c2c947af8b61bc15aa50ca46c88c4cd00ca76bcaeadb274be212d0c1533',	'[\"*\"]',	NULL,	NULL,	'2025-04-03 07:45:10',	'2025-04-03 07:45:10'),
(9,	'App\\Models\\User',	1,	'AuthToken',	'9d5a72418b2834f87bdf5784ededd0559bdbae972c674f34731dad95c0ec24ef',	'[\"*\"]',	NULL,	NULL,	'2025-04-03 08:02:17',	'2025-04-03 08:02:17'),
(10,	'App\\Models\\User',	1,	'AuthToken',	'c4ae8f3621f79a87b1e6fe078a331a345042f9e5f2773bf1e31bec221057e6af',	'[\"*\"]',	NULL,	NULL,	'2025-04-03 08:03:41',	'2025-04-03 08:03:41'),
(11,	'App\\Models\\User',	1,	'AuthToken',	'54b0b6c4d3c971eb8597671a5e4f17359a303cfab4faa2b1e30bca8b1665cfe8',	'[\"*\"]',	NULL,	NULL,	'2025-04-03 08:12:03',	'2025-04-03 08:12:03'),
(12,	'App\\Models\\User',	1,	'AuthToken',	'55359ab985a1c67c16375227378a8caf57302c53c740c58a9c9c1654d09051f6',	'[\"*\"]',	NULL,	NULL,	'2025-04-03 08:12:38',	'2025-04-03 08:12:38'),
(13,	'App\\Models\\User',	1,	'AuthToken',	'f7c2dbc86957bea09af208c3a9bc500bbd90ccdc822a8c6ee6f2bf51dd256f20',	'[\"*\"]',	NULL,	NULL,	'2025-04-03 08:22:06',	'2025-04-03 08:22:06'),
(14,	'App\\Models\\User',	1,	'AuthToken',	'8337e06db2f75ce61d57e459d5eb6ec65b4bcb523e2002d3b0d06b175916f909',	'[\"*\"]',	NULL,	NULL,	'2025-04-03 08:23:43',	'2025-04-03 08:23:43'),
(15,	'App\\Models\\User',	1,	'AuthToken',	'ed33dc66ddd25520c293b05b7ec032157490a5e900ca79e3e9649f2d3d5d870d',	'[\"*\"]',	NULL,	NULL,	'2025-04-03 12:38:42',	'2025-04-03 12:38:42'),
(16,	'App\\Models\\User',	1,	'AuthToken',	'791764c68a8719927bd93d053450f1342b95d48384f1af9a7cef3db1df55c3ab',	'[\"*\"]',	NULL,	NULL,	'2025-04-03 14:37:34',	'2025-04-03 14:37:34'),
(17,	'App\\Models\\User',	1,	'AuthToken',	'3f5d1a357cf417d98c78ae1abccce7e475274d24e23f1a5e5a5ea85db0760852',	'[\"*\"]',	NULL,	NULL,	'2025-04-03 14:38:06',	'2025-04-03 14:38:06'),
(18,	'App\\Models\\User',	1,	'AuthToken',	'08c8cc765725d98313e4b41601a49575bb244f8a792f28ec22f3f0c90ed4732a',	'[\"*\"]',	NULL,	NULL,	'2025-04-03 14:50:59',	'2025-04-03 14:50:59'),
(19,	'App\\Models\\User',	1,	'AuthToken',	'5f7ee0313eb82e55827262915d3e46e7bb8da977f9fd437535d99d2035de9eb5',	'[\"*\"]',	NULL,	NULL,	'2025-04-03 14:52:56',	'2025-04-03 14:52:56'),
(20,	'App\\Models\\User',	1,	'AuthToken',	'2a95af8d49b7d7f6811f885e7d222dd10f46f7381608b24394599ba32ac06477',	'[\"*\"]',	NULL,	NULL,	'2025-04-03 14:53:46',	'2025-04-03 14:53:46'),
(21,	'App\\Models\\User',	1,	'AuthToken',	'4595b88a753be7078c4a05628aa740bbbd60b41d44568abcd6356b3345860f93',	'[\"*\"]',	NULL,	NULL,	'2025-04-03 15:13:18',	'2025-04-03 15:13:18'),
(22,	'App\\Models\\User',	1,	'AuthToken',	'c86ceeea9f9582fb69b8cebde8397eb20b8a216ec300f54264e6da1547d61722',	'[\"*\"]',	NULL,	NULL,	'2025-04-03 15:14:05',	'2025-04-03 15:14:05'),
(23,	'App\\Models\\User',	1,	'AuthToken',	'5caa072d23587ab739c8def4862af0a35422954b45c3a411021e3e5a64593792',	'[\"*\"]',	NULL,	NULL,	'2025-04-03 15:16:49',	'2025-04-03 15:16:49'),
(24,	'App\\Models\\User',	1,	'AuthToken',	'dfc1e6394ab95d1beed141354e04028321058bb47ababb051e8899b2733b371e',	'[\"*\"]',	NULL,	NULL,	'2025-04-03 15:52:35',	'2025-04-03 15:52:35'),
(25,	'App\\Models\\User',	1,	'AuthToken',	'793d99a5c94602c9a7690084fd1b36fc4cd456cc02502c045d08596f369bf027',	'[\"*\"]',	NULL,	NULL,	'2025-04-03 15:54:09',	'2025-04-03 15:54:09'),
(26,	'App\\Models\\User',	1,	'AuthToken',	'd0a2207d54a56fd737fefc8e416f8522bdce484f033012067ecc960d57267303',	'[\"*\"]',	NULL,	NULL,	'2025-04-03 16:55:46',	'2025-04-03 16:55:46'),
(27,	'App\\Models\\User',	1,	'AuthToken',	'5ae0d8ad0d48f66cd4b1d211bf8df38f61909e786de8be405c8e0768b02370d3',	'[\"*\"]',	NULL,	NULL,	'2025-04-03 17:02:15',	'2025-04-03 17:02:15'),
(28,	'App\\Models\\User',	1,	'AuthToken',	'4e982d17028b3ae83f8e5051f9a8c19bdecfa9f61a064371010c9f2e3d7275e8',	'[\"*\"]',	NULL,	NULL,	'2025-04-03 17:22:33',	'2025-04-03 17:22:33'),
(29,	'App\\Models\\User',	1,	'AuthToken',	'56b58938bc67ce545c86573d70dfe01a0020f01c499477349d44e8a23c065409',	'[\"*\"]',	NULL,	NULL,	'2025-04-03 17:52:24',	'2025-04-03 17:52:24'),
(30,	'App\\Models\\User',	1,	'AuthToken',	'dfb51ffbde57cd495b059b357299a3cb92275682e38be68182ddde80933019a3',	'[\"*\"]',	NULL,	NULL,	'2025-04-03 18:09:39',	'2025-04-03 18:09:39'),
(31,	'App\\Models\\User',	1,	'AuthToken',	'58c1e0c0ffbc0f8e5fe479f705834423a2b2c5d636b6aa8aa3466590b2d2d0ae',	'[\"*\"]',	NULL,	NULL,	'2025-04-03 18:37:45',	'2025-04-03 18:37:45'),
(32,	'App\\Models\\User',	1,	'AuthToken',	'5c58c3edfaf184dbd2866feb910ace4ec131d0a9761f87e91b64586557f3bc5b',	'[\"*\"]',	NULL,	NULL,	'2025-04-03 18:40:58',	'2025-04-03 18:40:58'),
(33,	'App\\Models\\User',	1,	'AuthToken',	'4f325bd9f29b2a7627486019c08937e2d35241acdce42da775dd0a2065884e22',	'[\"*\"]',	NULL,	NULL,	'2025-04-03 18:46:57',	'2025-04-03 18:46:57'),
(34,	'App\\Models\\User',	1,	'AuthToken',	'312dbfcaaab79b0c5e7d1272b5e0d6ed17ed7e83a4778dcdab54a90db661dd80',	'[\"*\"]',	NULL,	NULL,	'2025-04-03 18:48:41',	'2025-04-03 18:48:41'),
(35,	'App\\Models\\User',	1,	'AuthToken',	'281d5e40aa194ae87168aa916eaa73ee99cfec39bfb46031966dd148e31ca477',	'[\"*\"]',	NULL,	NULL,	'2025-04-03 18:52:37',	'2025-04-03 18:52:37'),
(36,	'App\\Models\\User',	1,	'AuthToken',	'9f1fc2acfaabf3b8e20f9b99c29e75e888fb4beee377f96e3d109d03df88aa22',	'[\"*\"]',	NULL,	NULL,	'2025-04-03 18:54:15',	'2025-04-03 18:54:15'),
(37,	'App\\Models\\User',	1,	'AuthToken',	'957e5e3f78873b0fb96c30a6c2f0ee5e3150d14eae4ab6b76ba91162d9064c67',	'[\"*\"]',	NULL,	NULL,	'2025-04-03 18:56:17',	'2025-04-03 18:56:17'),
(38,	'App\\Models\\User',	1,	'AuthToken',	'4baa91cb514aa89cf0a2c9f882437ca09d541919195306e1ab0554cd3e2ee414',	'[\"*\"]',	NULL,	NULL,	'2025-04-03 19:37:38',	'2025-04-03 19:37:38'),
(39,	'App\\Models\\User',	1,	'AuthToken',	'8b2648080eb1d1196ed833003d80b2b495b8dc371351342d58414578696026f8',	'[\"*\"]',	NULL,	NULL,	'2025-04-03 19:46:31',	'2025-04-03 19:46:31'),
(40,	'App\\Models\\User',	1,	'AuthToken',	'bce6633f08db385bd28f986be5ee31983bbd79ff2d3072574ebecaffbd0c9cb8',	'[\"*\"]',	NULL,	NULL,	'2025-04-03 19:49:50',	'2025-04-03 19:49:50'),
(41,	'App\\Models\\User',	1,	'AuthToken',	'fcc570dd5f976479a2c230871a35da532e9141a10c47d26a126aef29ed575209',	'[\"*\"]',	NULL,	NULL,	'2025-04-03 19:50:48',	'2025-04-03 19:50:48'),
(42,	'App\\Models\\User',	1,	'AuthToken',	'24f4af735a71e72261d860badc14affaf178e7191a68654d19c89d7a7dab075b',	'[\"*\"]',	NULL,	NULL,	'2025-04-03 19:54:53',	'2025-04-03 19:54:53'),
(43,	'App\\Models\\User',	1,	'AuthToken',	'd4356d3b3e402f1da825cb2c31de47326093b14825b5055524773a335269701e',	'[\"*\"]',	NULL,	NULL,	'2025-04-03 19:57:15',	'2025-04-03 19:57:15'),
(44,	'App\\Models\\User',	1,	'AuthToken',	'e21d3c8c1f6d068d43134bef375087d6e74ad1b2a2ad267e294c94cf68d737e6',	'[\"*\"]',	NULL,	NULL,	'2025-04-03 20:42:42',	'2025-04-03 20:42:42'),
(45,	'App\\Models\\User',	1,	'AuthToken',	'1aa50952f5bfae9feefbad936d3d7cc4e25b721d7a11e27f94b8307833eaf714',	'[\"*\"]',	NULL,	NULL,	'2025-04-03 20:56:00',	'2025-04-03 20:56:00'),
(46,	'App\\Models\\User',	1,	'AuthToken',	'de6148c702dfe2de9bd3cf60bc093e9682b66dbba883ae0851a9b88be9ca4742',	'[\"*\"]',	NULL,	NULL,	'2025-04-03 20:58:47',	'2025-04-03 20:58:47'),
(47,	'App\\Models\\User',	1,	'AuthToken',	'f3ec97cf461ebb5ecd50ffc1973da90a2c0f26bc7f30f5a3b386508d7a3fc3e9',	'[\"*\"]',	NULL,	NULL,	'2025-04-03 21:01:27',	'2025-04-03 21:01:27'),
(48,	'App\\Models\\User',	1,	'AuthToken',	'a6fa308373afbafe3347c8ea550d22d6a6f8bb8e62f269ee55aaca0214de83e1',	'[\"*\"]',	NULL,	NULL,	'2025-04-03 21:02:48',	'2025-04-03 21:02:48'),
(49,	'App\\Models\\User',	1,	'AuthToken',	'a6de973c9fd595520bab4e28addd93ef52a51b6386a886a533ee047fce001cc2',	'[\"*\"]',	NULL,	NULL,	'2025-04-03 21:04:24',	'2025-04-03 21:04:24'),
(50,	'App\\Models\\User',	1,	'AuthToken',	'a26ef69f291910cf6971cffb9c8ccb826491051a9c94fb4406f0cd75e43fd207',	'[\"*\"]',	NULL,	NULL,	'2025-04-03 21:25:06',	'2025-04-03 21:25:06'),
(51,	'App\\Models\\User',	1,	'AuthToken',	'f9853bcaa7692d11c916d05ed8a4129bad3b6a40834d90b1dac383f8414e7013',	'[\"*\"]',	NULL,	NULL,	'2025-04-03 21:27:43',	'2025-04-03 21:27:43'),
(52,	'App\\Models\\User',	1,	'AuthToken',	'4cc017885000c9fbbdd1e4e02657fdaf9804d982a7177bf3ec676e3eb06a193e',	'[\"*\"]',	NULL,	NULL,	'2025-04-03 22:11:25',	'2025-04-03 22:11:25');

DROP TABLE IF EXISTS `points`;
CREATE TABLE `points` (
  `id` bigint unsigned NOT NULL AUTO_INCREMENT,
  `main` varchar(255) CHARACTER SET utf8mb4 COLLATE utf8mb4_unicode_ci DEFAULT NULL,
  `verse` varchar(255) CHARACTER SET utf8mb4 COLLATE utf8mb4_unicode_ci DEFAULT NULL,
  `outline_id` bigint unsigned NOT NULL,
  `created_at` timestamp NULL DEFAULT NULL,
  `updated_at` timestamp NULL DEFAULT NULL,
  PRIMARY KEY (`id`),
  KEY `points_outline_id_foreign` (`outline_id`),
  CONSTRAINT `points_outline_id_foreign` FOREIGN KEY (`outline_id`) REFERENCES `outlines` (`id`) ON DELETE CASCADE
) ENGINE=InnoDB DEFAULT CHARSET=utf8mb4 COLLATE=utf8mb4_unicode_ci;

INSERT INTO `points` (`id`, `main`, `verse`, `outline_id`, `created_at`, `updated_at`) VALUES
(3,	'Because our God is so faithful to us',	'verse 3',	3,	'2024-09-28 13:40:35',	'2024-09-28 13:40:56'),
(4,	'Because it is the only way to be righteous in the sight of our God',	'Verse 4',	3,	'2024-09-28 13:48:47',	'2024-09-28 13:48:47'),
(5,	'Because amazing things happen when we are faithful to our God',	'verse 4-5',	3,	'2024-09-28 13:58:47',	'2024-09-28 13:58:47'),
(6,	'Because being faithful is only way to please our God',	'verse 6',	3,	'2024-09-28 14:10:10',	'2024-09-28 14:10:10'),
(7,	'Because our faithfulness to our God will protect us from any danger ahead of us ',	'verse 7',	3,	'2024-09-28 14:15:15',	'2024-09-28 14:15:15'),
(8,	'He is our great Shepherd',	'verse 1',	5,	'2024-10-12 14:05:49',	'2024-10-12 14:05:49'),
(9,	'He provides our daily needs (foods, drinks, etc.)',	'verse 2',	5,	'2024-10-12 14:09:19',	'2024-10-12 14:09:19'),
(10,	'He heals us when we are broken',	'verse 3-a',	5,	'2024-10-12 14:12:17',	'2024-10-12 14:12:17'),
(11,	'He leads us into the right way when we are lost',	'verse 3-b',	5,	'2024-10-12 14:13:57',	'2024-10-12 14:13:57'),
(12,	'He is our confidence whenever we are afraid',	'verse 4',	5,	'2024-10-12 14:17:51',	'2024-10-12 14:17:51'),
(13,	'We are always victorious because of Him',	'verse 5-a, 1 Corinthians 15:57, 1 John 5:4',	5,	'2024-10-12 14:26:42',	'2024-10-12 14:30:54'),
(14,	'We are always approved by God to do His will',	'verse 5-b',	5,	'2024-10-12 14:33:39',	'2024-10-12 14:33:39'),
(15,	'We are always full because of Him',	'verse 5-c',	5,	'2024-10-12 14:35:35',	'2024-10-12 14:35:35'),
(16,	'He is so good in every days of our lives',	'verse 6-a',	5,	'2024-10-12 14:41:48',	'2024-10-12 14:41:48'),
(17,	'He is very merciful in every single days of our lives',	'verse 6-b',	5,	'2024-10-12 14:42:41',	'2024-10-12 14:42:41'),
(18,	'Trust in God and God alone',	'Prov. 3:5-7',	6,	'2025-02-21 06:40:17',	'2025-02-21 06:40:17'),
(19,	'The ways of man are not reliable',	'Jer. 10:23, Jer. 17:5',	6,	'2025-02-21 06:51:38',	'2025-02-21 06:51:38');

DROP TABLE IF EXISTS `quizzes`;
CREATE TABLE `quizzes` (
  `id` bigint unsigned NOT NULL AUTO_INCREMENT,
  `question` text CHARACTER SET utf8mb4 COLLATE utf8mb4_unicode_ci NOT NULL,
  `answer` varchar(255) CHARACTER SET utf8mb4 COLLATE utf8mb4_unicode_ci NOT NULL,
  `verse` varchar(255) CHARACTER SET utf8mb4 COLLATE utf8mb4_unicode_ci NOT NULL,
  `level` varchar(255) CHARACTER SET utf8mb4 COLLATE utf8mb4_unicode_ci NOT NULL,
  `topic_id` bigint unsigned NOT NULL,
  `created_at` timestamp NULL DEFAULT NULL,
  `updated_at` timestamp NULL DEFAULT NULL,
  `book_id` bigint unsigned NOT NULL,
  PRIMARY KEY (`id`),
  UNIQUE KEY `question` (`question`(500)),
  KEY `quizzes_topic_id_foreign` (`topic_id`),
  CONSTRAINT `quizzes_topic_id_foreign` FOREIGN KEY (`topic_id`) REFERENCES `topics` (`id`) ON DELETE CASCADE
) ENGINE=InnoDB DEFAULT CHARSET=utf8mb4 COLLATE=utf8mb4_unicode_ci;

INSERT INTO `quizzes` (`id`, `question`, `answer`, `verse`, `level`, `topic_id`, `created_at`, `updated_at`, `book_id`) VALUES
(2,	'Who killed Goliath?',	'David',	'1 Samuel 17:48:-51',	'Easy',	1,	'2024-08-12 09:59:38',	'2024-10-02 02:53:42',	12),
(3,	'What is the name of Abel\'s brother who killed him?',	'Cain',	'Genesis 4:8',	'Easy',	1,	'2024-08-12 10:05:22',	'2024-10-02 02:53:30',	2),
(4,	'Who created the heaven and the earth?',	'God',	'Genesis 1:1',	'Easy',	3,	'2024-08-16 02:37:14',	'2024-10-02 02:53:21',	2),
(5,	'What were the creation of God in the first day?',	'Day and Night',	'Genesis 1:3-5',	'Easy',	3,	'2024-08-22 00:26:13',	'2024-10-02 02:50:55',	2),
(6,	'What was the creation of God in the second day?',	'Sky',	'Genesis 1:6-8',	'Easy',	3,	'2024-08-22 00:31:37',	'2024-10-02 02:51:07',	2),
(7,	'What were the creation of God in the third day?',	'Seas, earth and it vegetations',	'Genesis 1:9-12',	'Easy',	3,	'2024-08-22 00:44:14',	'2024-10-02 02:51:16',	2),
(8,	'What were the creation of God in the fourth day?',	'Sun, Moon and Stars',	'Genesis 1:14-18',	'Easy',	3,	'2024-08-22 01:01:52',	'2024-10-02 02:51:25',	2),
(9,	'What were the creation of God in the fifth day?',	'Living creatures in the air and in the waters',	'Genesis 1:20-22',	'Easy',	3,	'2024-08-22 04:52:50',	'2024-10-02 02:51:44',	2),
(10,	'What were the creation of God in the sixth day?',	'Man and Animals',	'Genesis 1:24-30',	'Easy',	3,	'2024-08-22 05:04:20',	'2024-10-02 02:51:54',	2),
(11,	'What was the creation of God in the seventh day?',	'None',	'Genesis 2:2-3',	'Easy',	3,	'2024-09-05 16:03:20',	'2024-10-02 02:52:22',	2),
(12,	'What did God used to water the plants of the earth in order to grow during creation?',	'Mist',	'Genesis 2:6',	'Average',	3,	'2024-09-05 16:45:35',	'2024-10-02 02:52:42',	2),
(13,	'What was the direction of the garden of Eden?',	'East',	'Genesis 2:8',	'Easy',	3,	'2024-09-05 16:50:47',	'2024-10-02 02:52:59',	2),
(14,	'What is the composition of the body of a human being?',	'Dust of the ground',	'Genesis 2:7',	'Easy',	3,	'2024-09-05 17:06:32',	'2024-10-02 02:53:08',	2),
(16,	'What was one of the trees which can be found in the midst of the garden of Eden?',	'Tree of life',	'Genesis 2:9',	'Easy',	3,	'2024-09-06 21:50:56',	'2024-10-02 02:50:36',	2),
(17,	'What is the name of the first river in the garden of Eden?',	'Pison',	'Genesis 2:11',	'Average',	3,	'2024-09-06 21:57:36',	'2024-10-02 02:50:18',	2),
(19,	'What is the name of the second river in the garden of Eden?',	'Gihon',	'Genesis 2:13',	'Average',	3,	'2024-09-12 23:46:39',	'2024-10-02 02:50:02',	2),
(20,	'What is the name of the third river in the garden of Eden?',	'Hiddekel',	'Genesis 2:14',	'Average',	3,	'2024-09-13 03:18:45',	'2024-10-02 02:49:46',	2),
(21,	'What is the name of the fourth river in the garden of Eden?',	'Euphrates',	'Genesis 2:14',	'Average',	3,	'2024-09-13 03:21:53',	'2024-10-02 02:49:20',	2),
(22,	'What tree did God forbid Adam and Eve to eat from it?',	'Tree of the knowledge of good and evil',	'Genesis 2:17',	'Easy',	3,	'2024-09-24 09:38:57',	'2024-10-02 02:48:45',	2),
(23,	'What part of Adam was Eve made of?',	'Rib',	'Genesis 2:21-22',	'Easy',	3,	'2024-09-24 09:47:25',	'2024-10-02 02:48:37',	2),
(24,	'Why was Eve called a \"Woman\"?',	'She was taken out of Man',	'Genesis 2:23',	'Average',	3,	'2024-09-24 09:54:31',	'2024-09-24 09:56:20',	0),
(25,	'What did Adam and Eve wear after God made them both?',	'None',	'Genesis 2:25',	'Easy',	3,	'2024-09-24 10:02:21',	'2024-10-02 02:48:29',	2),
(26,	'What beast was more subtil than any beast of the field which the LORD God had made?',	'Serpent',	'Genesis 3:1',	'Easy',	3,	'2024-09-24 10:15:15',	'2024-10-02 02:48:14',	2),
(27,	'Who was first tempted by the serpent in the garden of Eden?',	'Eve',	'Genesis 3:1',	'Easy',	3,	'2024-09-27 08:51:34',	'2024-10-02 02:48:01',	2),
(28,	'Where did John the beloved wrote the book of Revelation?',	'Isle of Patmos',	'Revelation 1:9',	'Average',	1,	'2024-09-28 12:14:04',	'2024-10-02 02:47:56',	69),
(29,	'The name of God\'s prophet who was the son of Amittai?',	'Jonah',	'Jonah 1:1',	'Average',	1,	'2024-10-01 00:12:32',	'2024-10-02 02:47:19',	35),
(30,	'Where did Jonah went when God commanded him to go to Nineveh?',	'Tarshish',	'Jonah',	'Easy',	1,	'2024-10-01 00:17:05',	'2024-10-02 02:47:06',	35),
(31,	'What was the name of the city where God commanded Jonah to go?',	'Nineveh',	'Jonah 1:2',	'Easy',	1,	'2024-10-01 11:35:58',	'2024-10-02 02:46:48',	35),
(32,	'What did the Lord sent into the sea after Jonah disobeyed God\'s command for him to go to Nineveh?',	'A great wind',	'Jonah 1:4',	'Average',	1,	'2024-10-01 11:47:13',	'2024-10-02 02:46:18',	35),
(33,	'Name one of the wives of Elkanah, the son of Jehoram?',	'Hannah',	'1 Samuel 1:2',	'Easy',	1,	'2024-10-01 12:09:58',	'2024-10-02 02:46:04',	12),
(34,	'What was the name of the place where Elkanah sacrificed and worshipped the Lord?',	'Shiloh',	'1 Samuel 1:3',	'Average',	1,	'2024-10-01 12:36:28',	'2024-10-02 02:45:36',	12),
(35,	'The name of one of the wives of Elkanah who has children?',	'Peninnah',	'1 Samuel 1:2',	'Average',	1,	'2024-10-01 12:56:58',	'2024-10-02 02:45:23',	12),
(36,	'Who was name of the priest in Shiloh at the time of Elkanah? ',	'Eli',	'1 Samuel 1:3',	'Average',	1,	'2024-10-01 13:04:38',	'2024-10-02 02:44:50',	12),
(37,	'What is the longest name in the Bible?',	'Mahershalalhashbaz',	'Isaiah 8:1',	'Average',	1,	'2024-10-02 08:41:33',	'2024-10-02 08:41:33',	26),
(38,	'Who was the oldest man who lived in the earth?',	'Methuselah',	'Genesis 5:27',	'Easy',	1,	'2024-10-02 08:49:51',	'2024-10-02 08:49:51',	2),
(39,	'What was the age of Methuselah when he died?',	'969 years old',	'Genesis 5:27',	'Easy',	1,	'2024-10-02 12:10:52',	'2024-10-02 12:10:52',	2),
(40,	'How many people that came out of the loins of Jacob came into Egypt because of Joseph?',	'70 people',	'Exodus 1:5',	'Hard',	1,	'2024-10-02 12:16:20',	'2024-10-02 12:16:20',	5),
(41,	'What were the two treasure cities of Egypt during the time of Pharaoh (who did not know Joseph anymore)?',	'Pithom and Raamses',	'Exodus 1:11',	'Hard',	1,	'2024-10-02 12:45:13',	'2024-10-02 12:47:45',	5),
(42,	'One of the Hebrew midwives who was ordered by the king of Egypt to kill the male babies of the Hebrews after giving birth?',	'Shiphrah',	'Exodus 1:15-16',	'Hard',	1,	'2024-10-02 12:55:09',	'2024-10-02 12:55:09',	5),
(43,	'What did God do for the loyal midwives who did not kill the male Hebrew babies?',	'He made houses for them',	'Exodus 1:20-21',	'Hard',	1,	'2024-10-02 13:06:12',	'2024-10-02 13:06:12',	5),
(44,	'What is an offering made by fire for a sweet savour unto the LORD?',	'Burnt Offering',	'Leviticus 1:13',	'Average',	1,	'2024-10-02 13:25:43',	'2024-10-02 13:25:43',	6),
(45,	'Who was the name of the eldest son of Jacob?',	'Reuben',	'Numbers 1:20',	'Easy',	1,	'2024-10-03 08:08:29',	'2024-10-03 08:08:29',	7),
(46,	'God commanded Moses to take all the male of Israel which are able to go to war from what age?',	'Twenty years old and above',	'Numbers 1:2-3',	'Average',	1,	'2024-10-03 08:15:33',	'2024-10-03 08:15:33',	7),
(47,	'How many men who were able to go to war for Israel from the tribe of Reuben as God commanded Moses to number them?',	'46,500 men',	'Numbers 1:20-21',	'Hard',	1,	'2024-10-03 08:23:47',	'2024-10-03 08:23:47',	7),
(48,	'How many men who were able to go to war for Israel from the tribe of Simeon as God commanded Moses to number them?',	'59,300 men',	'Numbers 1:22-23',	'Hard',	1,	'2024-10-03 08:27:46',	'2024-10-03 08:27:46',	7),
(49,	'How many men who were able to go to war for Israel from the tribe of Gad as God commanded Moses to number them?',	'45,650 men',	'Numbers 1:24-25',	'Hard',	1,	'2024-10-03 08:35:52',	'2024-10-03 08:35:52',	7),
(50,	'How many men who were able to go to war for Israel from the tribe of Judah as God commanded Moses to number them?',	'14,660 men',	'Numbers 1:26-27',	'Hard',	1,	'2024-10-03 08:39:38',	'2024-10-03 08:39:38',	7),
(51,	'How many men who were able to go to war for Israel from the tribe of Issachar as God commanded Moses to number them?',	'54,400 men',	'Numbers 1:28-29',	'Hard',	1,	'2024-10-03 08:57:17',	'2024-10-03 08:57:17',	7),
(52,	'How many men who were able to go to war for Israel from the tribe of Zebulun as God commanded Moses to number them?',	'57,400 men',	'Numbers 1:30-31',	'Hard',	1,	'2024-10-03 09:00:20',	'2024-10-03 09:00:20',	7),
(53,	'How many men who were able to go to war for Israel from the tribe of Ephraim as God commanded Moses to number them?',	'40,500 men',	'Numbers 1:32-33',	'Hard',	1,	'2024-10-03 09:29:39',	'2024-10-03 09:29:39',	7),
(54,	'How many men who were able to go to war for Israel from the tribe of Manasseh as God commanded Moses to number them?',	'32,200 men',	'Numbers 1:34-35',	'Hard',	1,	'2024-10-03 09:32:12',	'2024-10-03 09:32:12',	7),
(55,	'How many men who were able to go to war for Israel from the tribe of Benjamin as God commanded Moses to number them?',	'35,400 men',	'Numbers 1:36-37',	'Hard',	1,	'2024-10-03 09:35:08',	'2024-10-03 09:35:08',	7),
(56,	'How many men who were able to go to war for Israel from the tribe of Dan as God commanded Moses to number them?',	'2,760 men',	'Numbers 1:38-39',	'Hard',	1,	'2024-10-04 08:14:06',	'2024-10-04 08:14:06',	7),
(57,	'How many men who were able to go to war for Israel from the tribe of Asher as God commanded Moses to number them?',	'41,500 men',	'Numbers 1:40-41',	'Hard',	1,	'2024-10-04 08:16:46',	'2024-10-04 08:16:46',	7),
(58,	'How many men who were able to go to war for Israel from the tribe of Naphtali as God commanded Moses to number them?',	'53,400 men',	'Numbers 1:42-43',	'Hard',	1,	'2024-10-04 08:19:45',	'2024-10-04 08:19:45',	7),
(59,	'How many men who were able to go to war from all of the tribes of Israel as God commanded Moses to number them?',	'603,550 men',	'Numbers 1:45-46',	'Hard',	1,	'2024-10-04 08:24:42',	'2024-10-04 08:24:42',	7),
(60,	'What tribe of Israel that was not commanded by God to go to war?',	'Tribe of Levites',	'Numbers 1:47',	'Average',	1,	'2024-10-04 08:29:24',	'2024-10-04 08:29:24',	7),
(61,	'How many days of Moses journey from Horeb to Kadeshbarnea passing through Mount Seir?',	'11 days',	'Deuteronomy 1:2',	'Hard',	1,	'2024-10-08 22:51:19',	'2024-10-08 22:51:19',	8),
(62,	'Who was the king of Amorites who dwelt in Heshbon that was slain by Moses?',	'Sihon',	'Deuteronomy 1:4',	'Hard',	1,	'2024-10-08 23:00:21',	'2024-10-08 23:00:21',	8),
(63,	'Who was the king of Bashan who dwelt at Astaroth in Edrei that was slain by Moses?',	'Og',	'Deuteronomy 1:4',	'Hard',	1,	'2024-10-08 23:03:35',	'2024-10-08 23:03:35',	8),
(64,	'How many men did Moses send into the land of the Amorites to be a spy into this land?',	'12 men',	'Deuteronomy 1:23-24',	'Average',	1,	'2024-10-09 00:14:26',	'2024-10-09 00:17:17',	8),
(65,	'Choose one of the people in old times which were considered as giants?',	'Anakims',	'Deuteronomy 2:11',	'Average',	1,	'2024-10-09 01:38:23',	'2024-10-09 01:38:23',	8),
(66,	'The Moabites called the Anakims as what?',	'Emims',	'Deuteronomy 2:11',	'Hard',	1,	'2024-10-14 14:45:21',	'2024-10-14 14:45:21',	8),
(67,	'Who was the name of the son of Nun and was the successor of Moses after he died?',	'Joshua',	'Joshua 1:1',	'Easy',	1,	'2024-10-15 10:17:34',	'2024-10-15 10:17:34',	9),
(68,	'What was the name of the father of Joshua which was one of the minister of Moses?',	'Nun',	'Joshua 1:1',	'Average',	1,	'2024-10-15 13:15:34',	'2024-10-15 13:15:34',	9),
(69,	'What was the name of the harlot who received two Israel spies sent by Joshua into Jericho?',	'Rahab',	'Joshua 2:1',	'Easy',	1,	'2024-10-15 13:23:47',	'2024-10-15 13:23:47',	9),
(70,	'Where did Joshua sent the two spies of Israel whom Rahab helped?',	'Jericho',	'Joshua 2:1',	'Easy',	1,	'2024-10-15 13:26:39',	'2024-10-15 13:26:39',	9),
(71,	'Where did Rahab hid the two spies of Israel when they were haunted by men ordered by the king of Jericho?',	'Roof of the house',	'Joshua 2:6',	'Average',	1,	'2024-10-17 12:25:34',	'2024-10-17 12:25:34',	9),
(72,	'What did Rahab asked unto the two spies of Israel whom she saved from the terror of the king of Jericho?',	'Save her whole house and everything they have',	'Joshua 2:13',	'Hard',	1,	'2024-10-17 12:33:39',	'2024-10-17 12:33:39',	9),
(73,	'What was the position of the house of Rahab in their town?',	'Upon the wall',	'Joshua 2:15',	'Average',	1,	'2024-10-17 12:40:34',	'2024-10-17 12:40:34',	9),
(74,	'How many days did the two spies hid themselves to the mountain as Rahab instructed them to go away from their pursuers?',	'3 days',	'Joshua 2:16',	'Hard',	1,	'2024-10-17 12:47:09',	'2024-10-17 12:47:09',	9),
(75,	'What child with this gender shall be cast into the river according to the command of Pharaoh into his people?',	'A boy',	'Exodus 1:22',	'Easy',	1,	'2024-10-17 13:23:40',	'2024-10-17 13:23:40',	5),
(76,	'How long did the mother of Moses hid him after she bare him?',	'3 months',	'Exodus 2:2',	'Average',	1,	'2024-10-17 13:29:35',	'2024-10-17 13:29:35',	5),
(77,	'Baby Moses was found floating inside the ark in the river by the daughter of Pharaoh. With what was the ark made of?',	'Bulrushes',	'Exodus 2:3',	'Average',	1,	'2024-10-17 13:41:59',	'2024-10-17 13:41:59',	5),
(78,	'Who was the nurse of Moses during his childhood which was recruited by the daughter of Pharaoh after she took him?',	'His mother',	'Exodus 2:7-8',	'Average',	1,	'2024-10-17 13:53:43',	'2024-10-17 13:53:43',	5),
(79,	'Who gave the name of Moses?',	'The daughter of Pharaoh',	'Exodus 2:10',	'Average',	1,	'2024-10-17 13:58:14',	'2024-10-17 14:01:23',	5),
(80,	'What is the meaning of the name \"Moses\"?',	'Drawn out of the water',	'Exodus 2:10',	'Average',	1,	'2024-10-17 14:03:51',	'2024-10-17 14:03:51',	5),
(81,	'Where did Moses hid the dead body of the Egyptian that he killed because of torturing his fellow Hebrew?',	'In the sand',	'Exodus 2:12',	'Average',	1,	'2024-10-17 14:11:36',	'2024-10-17 14:11:36',	5),
(82,	'What was the age of Adam when he died?',	'930 years old',	'Genesis 5:5',	'Average',	3,	'2024-10-19 02:14:28',	'2024-10-19 02:14:28',	2),
(83,	'What was the age of Seth, the son of Adam, when he died?',	'920 years old',	'Genesis 5:8',	'Average',	3,	'2024-10-19 02:17:21',	'2024-10-19 02:17:21',	2),
(84,	'What was the age of Seth when he begat Enos?',	'105 years old',	'Genesis 5:6',	'Hard',	3,	'2024-10-19 02:21:03',	'2024-10-19 02:21:03',	2),
(85,	'What was the age of Enos, the son of Seth, when he begat Cainan?',	'90 years old',	'Genesis 5:9',	'Hard',	3,	'2024-10-19 02:31:22',	'2024-10-19 02:31:22',	2),
(86,	'What was the age of Enos, the son of Seth, when he died?',	'905 years old',	'Genesis 5:11',	'Hard',	3,	'2024-10-19 02:34:01',	'2024-10-19 02:34:01',	2),
(87,	'Who was the father of Shem, Ham, and Japheth?',	'Noah',	'Genesis 6:10',	'Easy',	1,	'2024-10-19 02:39:07',	'2024-10-19 02:39:07',	2),
(88,	'Pick one of the sons of Noah?',	'Shem',	'Genesis 6:10',	'Easy',	1,	'2024-10-19 02:42:37',	'2024-10-19 02:42:37',	2),
(89,	'With what kind of wood was the ark of Noah made of?',	'Gopher wood',	'Genesis 6:14',	'Average',	1,	'2024-10-19 02:48:24',	'2024-10-19 02:48:24',	2),
(90,	'What was the length of the ark of Noah?',	'300 cubits',	'Genesis 6:15',	'Average',	1,	'2024-10-19 02:53:58',	'2024-10-19 02:53:58',	2),
(91,	'What was the width of the ark of Noah?',	'50 cubits',	'Genesis 6:15',	'Average',	1,	'2024-10-19 02:56:02',	'2024-10-19 02:56:02',	2),
(92,	'What was the height of the ark of Noah?',	'30 cubits',	'Genesis 6:15',	'Average',	1,	'2024-10-19 02:58:08',	'2024-10-19 02:58:08',	2),
(93,	'How many stories was the ark of Noah made of?',	'3 stories',	'Genesis 6:16',	'Easy',	1,	'2024-10-19 03:02:10',	'2024-11-04 13:51:49',	2),
(94,	'What was the age of Cainan, the son of Enos, when he begat Mahalaleel?',	'70 years old',	'Genesis 5:12',	'Hard',	1,	'2024-10-19 06:19:02',	'2024-10-19 06:19:02',	2),
(95,	'What was the age of Cainan, son of Enos, when he died?',	'910 years old',	'Genesis 5:14',	'Hard',	1,	'2024-10-19 12:55:13',	'2024-10-19 12:55:13',	2),
(96,	'Whose son was Cainan according to the descendants of Adam until Noah?',	'Enos',	'Genesis 5:9',	'Hard',	1,	'2024-10-19 12:59:13',	'2024-10-19 12:59:13',	2),
(97,	'Whose son was Mahalaleel according to the descendants of Adam until Noah?',	'Cainan',	'Genesis 5:12',	'Hard',	1,	'2024-10-19 13:02:23',	'2024-10-19 13:02:23',	2),
(98,	'Whose son was Jared according to the descendants of Adam until Noah?',	'Mahalaleel',	'Genesis 5:15',	'Hard',	1,	'2024-10-19 13:06:05',	'2024-10-19 13:06:05',	2),
(99,	'What was the age of Jared when he begat Enoch?',	'162 years old',	'Genesis 5:18',	'Hard',	1,	'2024-10-19 13:10:16',	'2024-10-19 13:10:16',	2),
(100,	'What was the age of Jared, the father of Enoch, when he died?',	'962 years old',	'Genesis 5:20',	'Hard',	1,	'2024-10-19 13:15:44',	'2024-10-19 13:15:44',	2),
(101,	'Who was the father of Methuselah?',	'Enoch',	'Genesis 5:21',	'Hard',	1,	'2024-10-19 13:18:10',	'2024-10-19 13:18:10',	2),
(102,	'Who was the father of Lamech?',	'Methuselah',	'Genesis 5:25',	'Hard',	1,	'2024-10-19 13:21:20',	'2024-10-19 13:21:20',	2),
(103,	'What was the age of Methuselah when he begat Lamech?',	'187 years old',	'Genesis 5:25',	'Hard',	1,	'2024-10-19 13:25:44',	'2024-10-19 13:25:44',	2),
(104,	'Who was the father of Noah?',	'Lamech',	'Genesis 5:28-29',	'Average',	1,	'2024-10-19 13:30:01',	'2024-10-19 13:30:01',	2),
(105,	'How old was Lamech when he begat Noah?',	'182 years old',	'Genesis 5:28-29',	'Hard',	1,	'2024-10-19 13:36:57',	'2024-10-19 13:36:57',	2),
(106,	'In what way a man can be saved?',	'By grace through faith',	'Ephesians 2:8-9',	'Easy',	4,	'2024-10-24 13:55:02',	'2024-10-24 13:55:02',	52),
(107,	'How old was Lamech, the father of Noah, when he died?',	'777 years old',	'Genesis 5:31',	'Hard',	1,	'2024-10-25 10:25:00',	'2024-10-25 10:25:00',	2),
(108,	'How old was Joshua, the son of Nun, when he died?',	'110 years old',	'Joshua 24:29',	'Hard',	1,	'2024-10-30 00:01:55',	'2024-10-30 00:01:55',	9),
(109,	'What was the name of the place where Joshua, the son of Nun, was buried when he died?',	'Timnathserah',	'Joshua 24:30',	'Hard',	1,	'2024-10-30 00:07:30',	'2024-10-30 00:07:30',	9),
(110,	'How old was Noah when he begat Shem, Ham, and Japheth?',	'500 years old',	'Genesis 5:32',	'Hard',	1,	'2024-11-04 13:41:19',	'2024-11-04 13:41:19',	2),
(111,	'Is Shem, Ham, and Japheth triplets?',	'Yes',	'Genesis 5:32',	'Average',	1,	'2024-11-04 13:44:56',	'2024-11-04 13:44:56',	2),
(112,	'How did God destroy all human beings in the earth who have sinned against Him during the time of Noah?',	'God brought a flood of waters upon the earth',	'Genesis 6:17',	'Easy',	1,	'2024-11-04 13:59:23',	'2024-11-04 13:59:23',	2),
(113,	'How many pairs of clean beast did Noah take into the ark?',	'7 pairs',	'Genesis 7:2',	'Average',	1,	'2024-11-04 14:06:44',	'2024-11-04 14:06:44',	2),
(114,	'How many pairs of unclean beast did Noah take into the ark?',	'2 pairs',	'Genesis 7:2',	'Average',	1,	'2024-11-04 14:08:17',	'2024-11-04 14:08:17',	2),
(115,	'How many pairs of the fowls of the air did Noah take into the ark?',	'7 pairs',	'Genesis 7:3',	'Average',	1,	'2024-11-04 14:11:06',	'2024-11-04 14:11:06',	2),
(116,	'How many days and nights was the rain upon the earth to destroy every living creatures during the time of Noah?',	'40 days and 40 nights',	'Genesis 7:4',	'Easy',	1,	'2024-11-04 14:15:53',	'2024-11-04 14:15:53',	2),
(117,	'How old was Noah when the flood of waters was upon the earth?',	'600 years old',	'Genesis 7:6',	'Hard',	1,	'2024-11-04 14:19:38',	'2024-11-04 14:19:38',	2),
(118,	'How many people were saved by the flood during the time of Noah?',	'8 people',	'Genesis 7:13',	'Easy',	1,	'2024-11-04 14:25:10',	'2024-11-04 14:25:10',	2),
(119,	'How high was the waters above the mountains of the earth during the time of Noah in its 40th day of the rain?',	'15 cubits',	'Genesis 7:20',	'Hard',	1,	'2024-11-08 06:14:21',	'2024-11-08 06:14:21',	2),
(120,	'How long was the water prevailed upon the earth during the flood at the time of Noah?',	'150 days',	'Genesis 7:24',	'Average',	1,	'2024-11-08 08:47:58',	'2024-11-08 08:47:58',	2),
(121,	'Where did the ark of Noah rested after 150 days of flood on the earth?',	'Mountains of Ararat',	'Genesis 8:4',	'Easy',	1,	'2024-11-12 07:22:22',	'2024-11-12 07:22:22',	2),
(122,	'What kind of bird did Noah send that returned into the ark when it find no rest for its feet on the earth after the flood?',	'Dove',	'Genesis 8:8-9',	'Easy',	1,	'2024-11-12 07:29:15',	'2024-11-12 07:29:15',	2),
(123,	'Where did Moses flee from Pharaoh after killing the Egyptian because of defending his fellow Hebrew?',	'Land of Midian',	'Exodus 2:15',	'Average',	1,	'2024-11-17 12:16:33',	'2024-11-17 12:16:33',	5),
(124,	'The priest of Midian who was the father-in-law of Moses?',	'Jethro',	'Exodus 3:1',	'Average',	1,	'2024-11-17 13:05:16',	'2024-11-17 13:05:16',	5),
(125,	'How many daughters did Jethro, the father-in-law of Moses, have?',	'7 daughters',	'Exodus 2:16',	'Average',	1,	'2024-11-17 13:19:37',	'2024-11-17 13:19:37',	5),
(126,	'What was the other name of Jethro, the father-in-law of Moses?',	'Reuel',	'Exodus 2:18',	'Hard',	1,	'2024-11-17 13:30:20',	'2024-11-17 13:30:20',	5),
(127,	'Who was the wife of Moses?',	'Zipporah',	'Exodus 2:21',	'Average',	1,	'2024-11-17 13:32:35',	'2024-11-17 13:32:35',	5),
(128,	'Who was the son of Moses?',	'Gershom',	'Exodus 2:22',	'Average',	1,	'2024-11-17 13:34:50',	'2024-11-17 13:34:50',	5),
(129,	'Where did the angel of the Lord appeared unto Moses in a flame of fire out of the midst of a bush that was not consumed?',	'Mount Horeb',	'Exodus 3:1-2',	'Easy',	1,	'2024-11-17 13:41:27',	'2024-11-17 13:41:27',	5),
(130,	'What is the meaning of the name Gershom who is the son of Moses?',	'A stranger in a strange land',	'Exodus 2:22',	'Hard',	1,	'2024-11-17 13:45:38',	'2024-11-17 13:45:38',	5),
(131,	'What did Moses take off before he entered into the holy ground at Mount Horeb',	'Shoes',	'Exodus 3:5',	'Average',	1,	'2025-03-16 09:17:42',	'2025-03-16 09:17:42',	5);

DROP TABLE IF EXISTS `role_has_permissions`;
CREATE TABLE `role_has_permissions` (
  `permission_id` bigint unsigned NOT NULL,
  `role_id` bigint unsigned NOT NULL,
  PRIMARY KEY (`permission_id`,`role_id`),
  KEY `role_has_permissions_role_id_foreign` (`role_id`),
  CONSTRAINT `role_has_permissions_permission_id_foreign` FOREIGN KEY (`permission_id`) REFERENCES `permissions` (`id`) ON DELETE CASCADE,
  CONSTRAINT `role_has_permissions_role_id_foreign` FOREIGN KEY (`role_id`) REFERENCES `roles` (`id`) ON DELETE CASCADE
) ENGINE=InnoDB DEFAULT CHARSET=utf8mb4 COLLATE=utf8mb4_unicode_ci;


DROP TABLE IF EXISTS `roles`;
CREATE TABLE `roles` (
  `id` bigint unsigned NOT NULL AUTO_INCREMENT,
  `name` varchar(255) COLLATE utf8mb4_unicode_ci NOT NULL,
  `guard_name` varchar(255) COLLATE utf8mb4_unicode_ci NOT NULL,
  `created_at` timestamp NULL DEFAULT NULL,
  `updated_at` timestamp NULL DEFAULT NULL,
  PRIMARY KEY (`id`),
  UNIQUE KEY `roles_name_guard_name_unique` (`name`,`guard_name`)
) ENGINE=InnoDB DEFAULT CHARSET=utf8mb4 COLLATE=utf8mb4_unicode_ci;

INSERT INTO `roles` (`id`, `name`, `guard_name`, `created_at`, `updated_at`) VALUES
(1,	'commentator',	'web',	'2025-04-25 06:00:14',	'2025-04-25 06:00:14'),
(2,	'admin',	'web',	'2025-04-25 06:07:25',	'2025-04-25 06:07:25');

DROP TABLE IF EXISTS `scavengers`;
CREATE TABLE `scavengers` (
  `id` bigint unsigned NOT NULL AUTO_INCREMENT,
  `question` text CHARACTER SET utf8mb4 COLLATE utf8mb4_unicode_ci NOT NULL,
  `answer` varchar(255) CHARACTER SET utf8mb4 COLLATE utf8mb4_unicode_ci NOT NULL,
  `verse` varchar(255) CHARACTER SET utf8mb4 COLLATE utf8mb4_unicode_ci NOT NULL,
  `status` tinyint(1) NOT NULL DEFAULT '1',
  `created_at` timestamp NULL DEFAULT NULL,
  `updated_at` timestamp NULL DEFAULT NULL,
  PRIMARY KEY (`id`)
) ENGINE=InnoDB DEFAULT CHARSET=utf8mb4 COLLATE=utf8mb4_unicode_ci;

INSERT INTO `scavengers` (`id`, `question`, `answer`, `verse`, `status`, `created_at`, `updated_at`) VALUES
(1,	'5th word from the beginning',	'Stone',	'Genesis 31:45',	1,	'2024-09-18 02:39:46',	'2024-09-18 22:14:20'),
(3,	'7th word from the beginning',	'Cross',	'Matthew 10:38',	1,	'2024-09-18 02:48:35',	'2024-09-18 22:14:15'),
(4,	'13th word from the beginning',	'Paper',	'2 John 1:12',	1,	'2024-09-19 03:15:03',	'2024-09-19 03:15:03'),
(5,	'15th word from the beginning',	'Ink',	'2 John 1:12',	1,	'2024-09-19 03:19:17',	'2024-09-19 03:19:17'),
(6,	'6th word from the last',	'Glass',	'Revelation 15:2',	1,	'2024-09-19 03:20:49',	'2024-09-19 03:20:49'),
(7,	'7th word from the beginning',	'Pearls',	'Revelation 21:21',	1,	'2024-09-19 03:22:18',	'2024-09-19 03:22:18'),
(8,	'6th word from the last',	'Fire',	'Revelation 20:14',	1,	'2024-09-19 05:06:00',	'2024-09-19 05:06:00'),
(9,	'8th word from the last',	'Pitcher',	'Genesis 24:18',	1,	'2024-09-24 16:39:17',	'2024-09-24 16:39:17'),
(10,	'3rd word from the last',	'Oil',	'Exodus 39:37',	1,	'2024-09-24 16:43:05',	'2024-09-24 16:43:05'),
(11,	'6th word from the beginning',	'Plant',	'Psalms 107:37',	1,	'2024-09-24 16:46:25',	'2024-09-24 16:46:25'),
(12,	'3rd word from the beginning',	'Table',	'Exodus 31:8',	1,	'2024-09-24 16:48:41',	'2024-09-24 16:48:41'),
(13,	'5th word from the beginning',	'Plate',	'Exodus 39:30',	1,	'2024-09-28 03:01:01',	'2024-09-28 03:01:01'),
(14,	'9th word from the beginning',	'Pen',	'Jeremiah 17:1',	1,	'2024-09-28 03:05:35',	'2024-09-28 03:05:35'),
(15,	'1st word from the last',	'Head',	'1 Samuel 4:12',	1,	'2024-09-28 03:31:07',	'2024-09-28 03:31:07'),
(16,	'3rd word from the beginning',	'Woman',	'Genesis 3:2',	1,	'2024-09-28 11:19:48',	'2024-09-28 11:19:48'),
(17,	'14th word from the last',	'Eyes',	'Genesis 3:5',	1,	'2024-09-28 11:33:42',	'2024-09-28 11:33:42'),
(18,	'12th word from the beginning',	'Food',	'Genesis 3:6',	1,	'2024-09-28 11:36:20',	'2024-09-28 11:36:20'),
(19,	'7th word from the last',	'Husband',	'Genesis 3:6',	1,	'2024-09-28 11:39:48',	'2024-09-28 11:39:48'),
(20,	'1st word from the last',	'Aprons',	'Genesis 3:7',	1,	'2024-09-28 11:42:39',	'2024-09-28 11:42:39'),
(21,	'6th word from the last',	'Leaves',	'Genesis 3:7',	1,	'2024-09-28 11:45:08',	'2024-09-28 11:45:08'),
(22,	'4th word from the last',	'Time',	'Revelation 1:3',	1,	'2024-09-28 11:49:51',	'2024-09-28 11:49:51'),
(23,	'9th word from the last',	'Earth',	'Revelation 1:7',	1,	'2024-09-28 11:54:46',	'2024-09-28 11:54:46'),
(24,	'7th word from the beginning',	'Brother',	'Revelation 1:9',	1,	'2024-09-28 12:00:11',	'2024-09-28 12:00:11'),
(25,	'5th word from the last',	'Voice',	'Revelation 1:10',	1,	'2024-09-28 12:01:43',	'2024-09-28 12:01:43'),
(26,	'19th word from the beginning',	'Book',	'Revelation 1:11',	1,	'2024-09-28 12:08:42',	'2024-09-28 12:08:42'),
(27,	'7th word from the beginning',	'Belly',	'Jeremiah 1:5',	1,	'2024-09-30 05:42:10',	'2024-09-30 05:42:10'),
(28,	'12th word from the beginning',	'Books',	'Daniel 9:2',	1,	'2024-09-30 05:45:18',	'2024-09-30 05:45:18'),
(29,	'12th word from the beginning',	'Faces',	'Daniel 9:7',	1,	'2024-09-30 05:50:27',	'2024-09-30 05:50:27'),
(30,	'8th word from the beginning',	'Face',	'Daniel 9:8',	1,	'2024-09-30 11:29:48',	'2024-09-30 11:29:48'),
(31,	'9th word from the beginning',	'Pray',	'Jonah 1:8',	1,	'2024-09-30 11:45:02',	'2024-09-30 11:45:02'),
(32,	'12th word from the last',	'Waste',	'Nahum 3:7',	1,	'2024-09-30 12:35:39',	'2024-09-30 12:35:39'),
(33,	'4th word from the last',	'Mouth',	'Nahum 3:12',	1,	'2024-10-01 00:05:40',	'2024-10-01 00:05:40'),
(34,	'3rd word from the beginning',	'Men',	'Jonah 1:16',	1,	'2024-10-01 00:22:16',	'2024-10-01 00:22:16'),
(35,	'12th word from the beginning',	'Children',	'Nahum 3:10',	1,	'2024-10-02 08:35:49',	'2024-10-02 08:35:49'),
(36,	'1sth word from the last',	'Bars',	'Nahum 3:13',	1,	'2024-10-02 08:38:27',	'2024-10-02 08:38:27'),
(37,	'5th word from the last',	'Flags',	'Exodus 2:3',	1,	'2024-10-02 13:12:11',	'2024-10-02 13:12:11'),
(38,	'3rd word from the beginning',	'Rich',	'James 1:10',	1,	'2024-10-04 09:53:58',	'2024-10-04 09:53:58'),
(39,	'19th word from the beginning',	'Flower',	'James 1:11',	1,	'2024-10-04 09:56:54',	'2024-10-04 09:56:54'),
(40,	'20th word from the beginning',	'Heart',	'Philippians 1:7',	1,	'2024-10-04 10:05:43',	'2024-10-04 10:05:43'),
(41,	'4th word from the beginning',	'Body',	'1 Corinthians 12:12',	1,	'2024-10-04 10:07:44',	'2024-10-04 10:07:44'),
(42,	'7th word from the last',	'Tongues',	'1 Corinthians 12:10',	1,	'2024-10-04 23:14:35',	'2024-10-04 23:14:35'),
(43,	'9th word from the beginning',	'Cup',	'Luke 22:42',	1,	'2024-10-04 23:18:14',	'2024-10-04 23:18:14'),
(44,	'2nd word from the last',	'Kiss',	'Luke 22:47',	1,	'2024-10-04 23:20:00',	'2024-10-04 23:20:00'),
(45,	'6th word from the last',	'Ears',	'Luke 8:8',	1,	'2024-10-04 23:32:27',	'2024-10-04 23:32:27'),
(46,	'7th word from the beginning',	'Hands',	'Leviticus 8:27',	1,	'2024-10-05 00:23:49',	'2024-10-05 00:23:49'),
(47,	'8th word from the beginning',	'Feet',	'Joshua 9:5',	1,	'2024-10-05 00:27:37',	'2024-10-05 00:27:37'),
(48,	'16th word from the last',	'Shoes',	'Ezekiel 24:17',	1,	'2024-10-05 00:30:52',	'2024-10-05 00:30:52'),
(49,	'3rd word from the beginning',	'Bottles',	'Joshua 9:13',	1,	'2024-10-05 00:34:08',	'2024-10-05 00:34:08'),
(50,	'5th word from the beginning',	'Bread',	'Deuteronomy 29:6',	1,	'2024-10-05 00:38:56',	'2024-10-05 00:38:56'),
(51,	'10th word from the beginning',	'Garment',	'Ezra 9:3',	1,	'2024-10-05 00:41:15',	'2024-10-05 00:41:15'),
(52,	'4th word from the last',	'Foot',	'Exodus 40:11',	1,	'2024-10-05 00:50:00',	'2024-10-05 00:50:00'),
(53,	'11th word from the beginning',	'Arm',	'1 Samuel 2:31',	1,	'2024-10-05 01:07:22',	'2024-10-05 01:07:22'),
(54,	'8th word from the beginning',	'Nose',	'Job 40:24',	1,	'2024-10-05 01:15:34',	'2024-10-05 01:15:34'),
(55,	'13th word from the beginning',	'Skin',	'Micah 3:2',	1,	'2024-10-05 01:17:54',	'2024-10-05 01:17:54'),
(56,	'2nd word from the beginning',	'Legs',	'Proverbs 26:7',	1,	'2024-10-05 01:20:59',	'2024-10-05 01:20:59'),
(57,	'11th word from the beginning',	'Headbands',	'Isaiah 3:20',	1,	'2024-10-05 01:23:29',	'2024-10-05 01:23:29'),
(58,	'5th word from the beginning',	'Bonnets',	'Ezekiel 44:18',	1,	'2024-10-05 01:26:47',	'2024-10-05 01:26:47'),
(59,	'8th word from the beginning',	'Coats',	'Leviticus 8:13',	1,	'2024-10-05 01:36:19',	'2024-10-05 01:36:19'),
(60,	'11th word from the last',	'Tablets',	'Numbers 31:50',	1,	'2024-10-05 01:40:53',	'2024-10-05 01:40:53'),
(61,	'14th word from the last',	'Bracelet',	'2 Samuel 1:10',	1,	'2024-10-05 01:44:14',	'2024-10-05 01:44:14'),
(62,	'4th word from the last',	'Jewels',	'Job 28:17',	1,	'2024-10-05 01:47:01',	'2024-10-05 01:47:01'),
(63,	'9th word from the beginning',	'Earrings',	'Exodus 32:3',	1,	'2024-10-07 01:39:30',	'2024-10-07 01:39:30'),
(64,	'11th word from the beginning',	'Ball',	'Isaiah 22:18',	1,	'2024-10-07 01:43:09',	'2024-10-07 01:43:09'),
(65,	'3rd word from the last',	'Sons',	'Genesis 5:30',	1,	'2024-10-20 08:50:52',	'2024-10-20 08:50:52'),
(66,	'4th word from the last',	'Teeth',	'Psalms 3:7',	1,	'2024-10-20 08:53:31',	'2024-10-20 08:53:31'),
(67,	'14th word from the last',	'Rings',	'Numbers 31:50',	1,	'2024-10-20 08:58:22',	'2024-10-20 08:58:22'),
(68,	'8th word from the beginning',	'Chain',	'Psalms 73:6',	1,	'2024-10-20 09:00:51',	'2024-10-20 09:00:51'),
(69,	'4th word from the beginning',	'Helmet',	'Ephesians 6:17',	1,	'2024-10-20 09:03:03',	'2024-10-20 09:03:03'),
(70,	'5th word from the beginning',	'Shield',	'Ephesians 6:16',	1,	'2024-10-20 09:07:41',	'2024-10-20 09:07:41'),
(71,	'10th word from the last',	'Sword',	'Ephesians 6:17',	1,	'2024-10-20 09:09:58',	'2024-10-20 09:09:58'),
(72,	'4th word from the beginning',	'Father',	'Genesis 9:22',	1,	'2024-10-20 09:14:18',	'2024-10-20 09:14:18'),
(73,	'5th word from the beginning',	'Money',	'Judges 17:4',	1,	'2024-10-21 12:44:23',	'2024-10-21 12:44:23'),
(74,	'13th word from the beginning',	'Mother',	'Ruth 2:18',	1,	'2024-10-21 12:46:35',	'2024-10-21 12:46:35'),
(75,	'8th word from the beginning',	'Sister',	'Jeremiah 3:10',	1,	'2024-10-21 12:48:49',	'2024-10-21 12:48:49'),
(76,	'4th word from the beginning',	'Wife',	'Ezekiel 16:32',	1,	'2024-10-21 12:59:16',	'2024-10-21 12:59:16'),
(77,	'7th word from the beginning',	'Teacher',	'Romans 2:20',	1,	'2024-10-21 13:15:46',	'2024-10-21 13:15:46'),
(78,	'2nd word from the beginning',	'Preacher',	'Ecclesiastes 12:10',	1,	'2024-10-21 13:18:32',	'2024-10-21 13:18:32'),
(79,	'5th word from the beginning',	'Speaker',	'Psalms 140:11',	1,	'2024-10-21 13:20:40',	'2024-10-21 13:20:40'),
(80,	'6th word from the beginning',	'Hearer',	'James 1:23',	1,	'2024-10-21 13:22:50',	'2024-10-21 13:22:50'),
(81,	'11th word from the beginning',	'Pastor',	'Jeremiah 17:16',	1,	'2024-10-21 13:25:02',	'2024-10-21 13:25:02'),
(82,	'4th word from the last',	'Deacon',	'1 Timothy 3:10',	1,	'2024-10-21 13:27:06',	'2024-10-21 13:27:06'),
(83,	'3rd word from the beginning',	'Spoon',	'Numbers 7:80',	1,	'2024-10-21 13:30:42',	'2024-10-21 13:30:42'),
(84,	'9th word from the beginning',	'Silver',	'2 Chronicles 21:3',	1,	'2024-10-21 13:34:47',	'2024-10-21 13:34:47'),
(85,	'12th word from the last',	'Gold',	'Hosea 8:4',	1,	'2024-10-21 13:37:09',	'2024-10-21 13:37:09'),
(86,	'5th word from the beginning',	'Candle',	'Job 21:17',	1,	'2024-10-21 13:39:07',	'2024-10-21 13:39:07'),
(87,	'5th word from the last',	'Wood',	'Lamentations 5:4',	1,	'2024-10-21 13:47:18',	'2024-10-21 13:47:18'),
(88,	'10th word from the beginning',	'Water',	'Nahum 2:8',	1,	'2024-10-21 13:49:32',	'2024-10-21 13:49:32'),
(89,	'7th word from the last',	'Melody',	'Ephesians 5:19',	1,	'2024-10-21 13:52:00',	'2024-10-21 13:52:00'),
(90,	'4th word from the beginning',	'Waste',	'Micah 5:6',	1,	'2024-10-21 13:56:15',	'2024-10-21 13:56:15'),
(91,	'5th word from the last',	'Shovel',	'Isaiah 30:24',	1,	'2024-10-21 13:59:53',	'2024-10-21 13:59:53'),
(92,	'7th word from the beginning',	'Nail',	'Judges 5:26',	1,	'2024-10-21 14:02:52',	'2024-10-21 14:02:52'),
(93,	'15th word from the beginning',	'Hammer',	'Jeremiah 23:29',	1,	'2024-10-21 14:05:31',	'2024-10-21 14:05:31'),
(94,	'9th word from the last',	'Sand',	'Romans 9:27',	1,	'2024-10-21 14:08:02',	'2024-10-21 14:08:02'),
(95,	'7th word from the beginning',	'Soil',	'Ezekiel 17:8',	1,	'2024-10-22 11:22:30',	'2024-10-22 11:22:30'),
(96,	'4th word from the last',	'Dirt',	'Psalms 18:42',	1,	'2024-10-22 11:24:49',	'2024-10-22 11:24:49'),
(97,	'12th word from the beginning',	'Arms',	'Deuteronomy 33:27',	1,	'2024-10-22 11:28:41',	'2024-10-22 11:28:41'),
(98,	'13th word from the beginning',	'Shadow',	'Amos 5:8',	1,	'2024-10-22 11:31:33',	'2024-10-22 11:31:33'),
(99,	'7th word from the beginning',	'Shadows',	'Song of Solomon 4:6',	1,	'2024-10-22 11:35:42',	'2024-10-22 11:35:42'),
(100,	'8th word from the beginning',	'Noses',	'Psalms 115:6',	1,	'2024-10-22 11:37:52',	'2024-10-22 11:37:52'),
(101,	'9th word from the last',	'Ear',	'Luke 12:3',	1,	'2024-10-22 11:43:27',	'2024-10-22 11:43:27'),
(102,	'9th word from the last',	'Fist',	'Exodus 21:18',	1,	'2024-10-22 11:45:51',	'2024-10-22 11:45:51'),
(103,	'3rd word from the beginning',	'Bishop',	'Titus 1:7',	1,	'2024-10-22 11:52:21',	'2024-10-22 11:52:21'),
(104,	'6th word from the beginning',	'Ointment',	'Psalms 133:2',	1,	'2024-10-25 03:39:50',	'2024-10-25 03:39:50'),
(105,	'6th word from the beginning',	'Skirts',	'Lamentations 1:9',	1,	'2024-10-25 03:41:57',	'2024-10-25 03:41:57');

DROP TABLE IF EXISTS `selections`;
CREATE TABLE `selections` (
  `id` bigint unsigned NOT NULL AUTO_INCREMENT,
  `option` varchar(255) CHARACTER SET utf8mb4 COLLATE utf8mb4_unicode_ci NOT NULL,
  `quiz_id` bigint unsigned NOT NULL,
  `created_at` timestamp NULL DEFAULT NULL,
  `updated_at` timestamp NULL DEFAULT NULL,
  PRIMARY KEY (`id`),
  KEY `selections_quiz_id_foreign` (`quiz_id`),
  CONSTRAINT `selections_quiz_id_foreign` FOREIGN KEY (`quiz_id`) REFERENCES `quizzes` (`id`) ON DELETE CASCADE
) ENGINE=InnoDB DEFAULT CHARSET=utf8mb4 COLLATE=utf8mb4_unicode_ci;

INSERT INTO `selections` (`id`, `option`, `quiz_id`, `created_at`, `updated_at`) VALUES
(1,	'Seth',	3,	'2024-08-15 18:58:03',	'2024-08-15 18:58:03'),
(2,	'Solomon',	3,	'2024-08-15 19:01:25',	'2024-08-15 19:01:25'),
(3,	'Moses',	3,	'2024-08-15 19:02:41',	'2024-08-15 19:02:41'),
(4,	'Cain',	3,	'2024-08-15 19:03:39',	'2024-08-15 19:03:39'),
(5,	'Saul',	2,	'2024-08-15 19:41:36',	'2024-08-15 19:41:36'),
(6,	'David',	2,	'2024-08-15 19:42:12',	'2024-08-15 19:42:12'),
(7,	'Jonathan',	2,	'2024-08-15 20:08:53',	'2024-08-15 20:08:53'),
(8,	'Aaron',	2,	'2024-08-15 20:09:30',	'2024-08-15 20:09:30'),
(9,	'Satan',	4,	'2024-08-16 02:37:58',	'2024-08-16 02:37:58'),
(10,	'Abraham',	4,	'2024-08-16 02:38:18',	'2024-08-16 02:38:18'),
(11,	'God',	4,	'2024-08-16 02:38:32',	'2024-08-16 02:38:32'),
(12,	'Moses',	4,	'2024-08-16 02:39:11',	'2024-08-16 02:39:11'),
(13,	'Sun and Moon',	5,	'2024-08-22 00:27:01',	'2024-08-22 00:27:01'),
(14,	'Day and Night',	5,	'2024-08-22 00:27:53',	'2024-08-22 00:27:53'),
(15,	'Man and Animals',	5,	'2024-08-22 00:28:42',	'2024-08-22 00:28:42'),
(16,	'Birds and Fishes',	5,	'2024-08-22 00:29:10',	'2024-08-22 00:29:10'),
(17,	'Trees and Vegetations',	6,	'2024-08-22 00:32:34',	'2024-08-22 00:32:34'),
(18,	'Land',	6,	'2024-08-22 00:35:43',	'2024-08-22 00:35:43'),
(19,	'Sky',	6,	'2024-08-22 00:36:18',	'2024-08-22 05:01:34'),
(20,	'Storms',	6,	'2024-08-22 00:36:47',	'2024-08-22 00:36:47'),
(21,	'Seas, earth and it vegetations',	7,	'2024-08-22 00:45:54',	'2024-08-22 00:45:54'),
(22,	'Swimming pools',	7,	'2024-08-22 00:46:13',	'2024-08-22 00:46:13'),
(23,	'Stars',	7,	'2024-08-22 00:47:57',	'2024-08-22 00:47:57'),
(24,	'Moons',	7,	'2024-08-22 00:53:13',	'2024-08-22 00:53:13'),
(25,	'Dinasours and Dragons',	8,	'2024-08-22 01:04:40',	'2024-08-22 01:04:40'),
(26,	'Mountains and trees',	8,	'2024-08-22 01:05:21',	'2024-08-22 01:05:21'),
(27,	'Trees and Vegetations',	8,	'2024-08-22 01:11:40',	'2024-08-22 01:11:40'),
(28,	'Sun, Moon and Stars',	8,	'2024-08-22 01:12:40',	'2024-08-22 01:12:40'),
(29,	'Man and Animals',	9,	'2024-08-22 04:53:28',	'2024-08-22 04:53:28'),
(30,	'Trees and Vegetations',	9,	'2024-08-22 04:53:44',	'2024-08-22 04:53:44'),
(31,	'Sun and Moon',	9,	'2024-08-22 04:54:07',	'2024-08-22 04:54:07'),
(32,	'Living creatures in the air and in the waters',	9,	'2024-08-22 04:54:55',	'2024-08-22 04:54:55'),
(33,	'Man and Animals',	10,	'2024-08-22 05:11:13',	'2024-08-22 05:11:13'),
(34,	'Mountains and trees',	10,	'2024-08-22 05:11:40',	'2024-08-22 05:11:40'),
(35,	'Day and Night',	10,	'2024-08-22 05:12:03',	'2024-08-22 05:12:03'),
(36,	'Birds and Fishes',	10,	'2024-08-22 05:13:08',	'2024-08-22 05:13:08'),
(37,	'None',	11,	'2024-09-05 16:04:11',	'2024-09-05 16:04:11'),
(38,	'Monsters',	11,	'2024-09-05 16:04:33',	'2024-09-05 16:04:33'),
(39,	'Wind',	11,	'2024-09-05 16:05:14',	'2024-09-05 16:05:14'),
(40,	'Storms',	11,	'2024-09-05 16:05:28',	'2024-09-05 16:05:28'),
(41,	'Rain',	12,	'2024-09-05 16:46:28',	'2024-09-05 16:46:28'),
(42,	'Mist',	12,	'2024-09-05 16:46:46',	'2024-09-05 16:46:46'),
(43,	'Falls',	12,	'2024-09-05 16:47:00',	'2024-09-05 16:47:00'),
(44,	'River',	12,	'2024-09-05 16:47:11',	'2024-09-05 16:47:11'),
(45,	'West',	13,	'2024-09-05 16:51:19',	'2024-09-05 16:51:19'),
(46,	'North',	13,	'2024-09-05 16:51:28',	'2024-09-05 16:51:28'),
(47,	'South',	13,	'2024-09-05 16:51:48',	'2024-09-05 16:51:48'),
(48,	'East',	13,	'2024-09-05 16:51:57',	'2024-09-05 16:51:57'),
(49,	'Metal',	14,	'2024-09-05 17:07:17',	'2024-09-05 17:07:17'),
(50,	'Wood',	14,	'2024-09-05 17:07:30',	'2024-09-05 17:07:30'),
(51,	'Dust of the ground',	14,	'2024-09-05 17:07:46',	'2024-09-05 17:07:46'),
(52,	'Plastic',	14,	'2024-09-05 17:08:09',	'2024-09-05 17:08:09'),
(53,	'Fig tree',	16,	'2024-09-06 21:51:46',	'2024-09-06 21:51:46'),
(54,	'Olive tree',	16,	'2024-09-06 21:51:59',	'2024-09-06 21:51:59'),
(55,	'Tree of life',	16,	'2024-09-06 21:52:13',	'2024-09-06 21:52:13'),
(56,	'Gopher tree',	16,	'2024-09-06 21:52:29',	'2024-09-06 21:52:29'),
(57,	'Gihon',	17,	'2024-09-12 23:17:10',	'2024-09-12 23:17:10'),
(58,	'Pison',	17,	'2024-09-12 23:18:02',	'2024-09-12 23:18:02'),
(59,	'Hiddekel',	17,	'2024-09-12 23:20:01',	'2024-09-12 23:20:01'),
(60,	'Euphrates',	17,	'2024-09-12 23:21:10',	'2024-09-12 23:21:10'),
(61,	'Pison',	19,	'2024-09-12 23:47:28',	'2024-09-12 23:47:28'),
(62,	'Gihon',	19,	'2024-09-12 23:47:51',	'2024-09-12 23:47:51'),
(63,	'Hiddekel',	19,	'2024-09-12 23:48:04',	'2024-09-12 23:48:04'),
(66,	'Euphrates',	19,	'2024-09-13 00:33:07',	'2024-09-13 03:09:08'),
(67,	'Hiddekel',	20,	'2024-09-13 03:19:18',	'2024-09-13 03:19:18'),
(68,	'Pison',	20,	'2024-09-13 03:19:34',	'2024-09-13 03:19:34'),
(69,	'Gihon',	20,	'2024-09-13 03:19:45',	'2024-09-13 03:19:45'),
(70,	'Euphrates',	20,	'2024-09-13 03:20:00',	'2024-09-13 03:20:00'),
(71,	'Gihon',	21,	'2024-09-13 03:23:56',	'2024-09-13 03:23:56'),
(72,	'Pison',	21,	'2024-09-13 03:24:23',	'2024-09-13 03:24:23'),
(73,	'Euphrates',	21,	'2024-09-13 03:24:47',	'2024-09-13 03:24:47'),
(74,	'Hiddekel',	21,	'2024-09-13 03:25:00',	'2024-09-13 03:25:00'),
(75,	'Tree of life',	22,	'2024-09-24 09:39:24',	'2024-09-24 09:39:24'),
(76,	'Tree of the knowledge of drawing',	22,	'2024-09-24 09:39:55',	'2024-09-24 09:39:55'),
(77,	'Tree of the knowledge of good and evil',	22,	'2024-09-24 09:40:14',	'2024-09-24 09:40:14'),
(78,	'Tree of remembrance',	22,	'2024-09-24 09:41:20',	'2024-09-24 09:41:20'),
(79,	'Heart',	23,	'2024-09-24 09:47:55',	'2024-09-24 09:47:55'),
(80,	'Feet',	23,	'2024-09-24 09:48:18',	'2024-09-24 09:48:18'),
(81,	'Rib',	23,	'2024-09-24 09:48:36',	'2024-09-24 09:48:36'),
(82,	'Skin',	23,	'2024-09-24 09:48:54',	'2024-09-24 09:48:54'),
(83,	'She was made out of the dust of the ground',	24,	'2024-09-24 10:03:53',	'2024-09-24 10:03:53'),
(84,	'She is beautiful',	24,	'2024-09-24 10:04:19',	'2024-09-24 10:04:33'),
(85,	'She is gorgeous',	24,	'2024-09-24 10:05:21',	'2024-09-24 10:05:21'),
(86,	'She was taken out of Man',	24,	'2024-09-24 10:05:48',	'2024-09-24 10:05:48'),
(87,	'None',	25,	'2024-09-24 10:07:04',	'2024-09-24 10:07:04'),
(88,	'Prada',	25,	'2024-09-24 10:08:01',	'2024-09-24 10:08:01'),
(89,	'Skinny Jeans',	25,	'2024-09-24 10:08:19',	'2024-09-24 10:08:19'),
(90,	'Fig leaves',	25,	'2024-09-24 10:08:32',	'2024-09-24 10:08:32'),
(91,	'Serpent',	26,	'2024-09-24 10:15:37',	'2024-09-24 10:15:37'),
(92,	'Lion',	26,	'2024-09-24 10:15:48',	'2024-09-24 10:15:48'),
(93,	'Monkey',	26,	'2024-09-24 10:16:01',	'2024-09-24 10:16:01'),
(94,	'Dolphin',	26,	'2024-09-24 10:16:27',	'2024-09-24 10:16:27'),
(95,	'Eve',	27,	'2024-09-27 08:51:50',	'2024-09-27 08:51:50'),
(96,	'Adam',	27,	'2024-09-27 08:52:03',	'2024-09-27 08:52:03'),
(97,	'Abraham',	27,	'2024-09-27 08:52:20',	'2024-09-27 08:52:20'),
(98,	'Moises',	27,	'2024-09-27 08:52:28',	'2024-09-27 08:52:28'),
(99,	'Ephesus',	28,	'2024-09-28 12:14:42',	'2024-09-28 12:14:42'),
(100,	'Isle of Patmos',	28,	'2024-09-28 12:14:53',	'2024-09-28 12:14:53'),
(101,	'Philadephia',	28,	'2024-09-28 12:15:17',	'2024-09-28 12:15:17'),
(102,	'Sardis',	28,	'2024-09-28 12:15:28',	'2024-09-28 12:15:28'),
(103,	'Nahum',	29,	'2024-10-01 00:12:46',	'2024-10-01 00:12:46'),
(104,	'Isaiah',	29,	'2024-10-01 00:12:59',	'2024-10-01 00:12:59'),
(105,	'Jeremiah',	29,	'2024-10-01 00:13:10',	'2024-10-01 00:13:10'),
(106,	'Jonah',	29,	'2024-10-01 00:13:28',	'2024-10-01 00:13:28'),
(107,	'Tarshish',	30,	'2024-10-01 00:17:46',	'2024-10-01 00:17:46'),
(108,	'Hebron',	30,	'2024-10-01 00:18:02',	'2024-10-01 00:18:02'),
(109,	'Canaan',	30,	'2024-10-01 00:18:15',	'2024-10-01 00:18:15'),
(110,	'Moriah',	30,	'2024-10-01 00:18:37',	'2024-10-01 00:18:37'),
(111,	'Tarshish',	31,	'2024-10-01 11:36:32',	'2024-10-01 11:36:32'),
(112,	'Ur',	31,	'2024-10-01 11:36:41',	'2024-10-01 11:36:41'),
(113,	'Nineveh',	31,	'2024-10-01 11:36:58',	'2024-10-01 11:36:58'),
(114,	'Midian',	31,	'2024-10-01 11:37:12',	'2024-10-01 11:37:12'),
(115,	'A great wind',	32,	'2024-10-01 11:47:38',	'2024-10-01 11:47:38'),
(116,	'Strong rain',	32,	'2024-10-01 11:48:03',	'2024-10-01 11:48:03'),
(117,	'Missile',	32,	'2024-10-01 11:48:26',	'2024-10-01 11:48:26'),
(118,	'Lightning',	32,	'2024-10-01 11:48:55',	'2024-10-01 11:48:55'),
(119,	'Ruth',	33,	'2024-10-01 12:10:12',	'2024-10-01 12:10:12'),
(120,	'Naomi',	33,	'2024-10-01 12:10:22',	'2024-10-01 12:10:22'),
(121,	'Hannah',	33,	'2024-10-01 12:10:31',	'2024-10-01 12:10:31'),
(122,	'Deborah',	33,	'2024-10-01 12:10:42',	'2024-10-01 12:10:42'),
(123,	'Jerusalem',	34,	'2024-10-01 12:36:49',	'2024-10-01 12:36:49'),
(124,	'Shiloh',	34,	'2024-10-01 12:36:59',	'2024-10-01 12:36:59'),
(125,	'Hebron',	34,	'2024-10-01 12:37:12',	'2024-10-01 12:37:12'),
(126,	'Canaan',	34,	'2024-10-01 12:38:18',	'2024-10-01 12:38:18'),
(127,	'Hannah',	35,	'2024-10-01 12:57:09',	'2024-10-01 12:57:09'),
(128,	'Zipporah',	35,	'2024-10-01 12:57:31',	'2024-10-01 12:57:31'),
(129,	'Peninnah',	35,	'2024-10-01 12:57:39',	'2024-10-01 12:57:39'),
(130,	'Elizabeth',	35,	'2024-10-01 12:57:53',	'2024-10-01 12:57:53'),
(131,	'Eli',	36,	'2024-10-01 13:04:47',	'2024-10-01 13:04:47'),
(132,	'Caiaphas',	36,	'2024-10-01 13:05:03',	'2024-10-01 13:05:03'),
(133,	'Aaron',	36,	'2024-10-01 13:05:12',	'2024-10-01 13:05:12'),
(134,	'Joseph',	36,	'2024-10-01 13:05:28',	'2024-10-01 13:05:28'),
(135,	'Methuselah',	37,	'2024-10-02 08:43:13',	'2024-10-02 08:43:13'),
(136,	'Mahershalalhashbaz',	37,	'2024-10-02 08:44:24',	'2024-10-02 08:44:24'),
(137,	'Nebucchadnezzarjalaniezabar',	37,	'2024-10-02 08:45:34',	'2024-10-02 08:47:06'),
(138,	'Zipporahzelemsaraibuz',	37,	'2024-10-02 08:46:05',	'2024-10-02 08:46:45'),
(139,	'Methusael',	38,	'2024-10-02 08:50:06',	'2024-10-02 08:50:06'),
(140,	'Adam',	38,	'2024-10-02 08:50:26',	'2024-10-02 08:50:26'),
(141,	'Abraham',	38,	'2024-10-02 08:50:39',	'2024-10-02 08:50:39'),
(142,	'Methuselah',	38,	'2024-10-02 08:50:59',	'2024-10-02 08:50:59'),
(143,	'1000 years old',	39,	'2024-10-02 12:11:20',	'2024-10-02 12:11:20'),
(144,	'969 years old',	39,	'2024-10-02 12:11:36',	'2024-10-02 12:11:36'),
(145,	'960 years old',	39,	'2024-10-02 12:11:54',	'2024-10-02 12:11:54'),
(146,	'930 years old',	39,	'2024-10-02 12:12:06',	'2024-10-02 12:12:06'),
(147,	'70 people',	40,	'2024-10-02 12:16:38',	'2024-10-02 12:16:38'),
(148,	'100 people',	40,	'2024-10-02 12:16:49',	'2024-10-02 12:16:49'),
(149,	'75 people',	40,	'2024-10-02 12:16:59',	'2024-10-02 12:16:59'),
(150,	'80 people',	40,	'2024-10-02 12:17:07',	'2024-10-02 12:17:07'),
(151,	'Phathom and Ramesis',	41,	'2024-10-02 12:46:24',	'2024-10-02 12:46:24'),
(152,	'Ramesnah and Rohim ',	41,	'2024-10-02 12:47:10',	'2024-10-02 12:47:10'),
(153,	'Pithom and Raamses',	41,	'2024-10-02 12:47:24',	'2024-10-02 12:47:24'),
(154,	'Razul and Golphita',	41,	'2024-10-02 12:49:12',	'2024-10-02 12:49:12'),
(155,	'Ziphtah',	42,	'2024-10-02 12:55:44',	'2024-10-02 12:55:44'),
(156,	'Zulu',	42,	'2024-10-02 12:56:03',	'2024-10-02 12:56:03'),
(157,	'Shiphrah',	42,	'2024-10-02 12:56:16',	'2024-10-02 12:56:16'),
(158,	'Pozhua',	42,	'2024-10-02 12:56:38',	'2024-10-02 12:56:38'),
(159,	'He made houses for them',	43,	'2024-10-02 13:06:28',	'2024-10-02 13:06:28'),
(160,	'He gave them gold',	43,	'2024-10-02 13:06:44',	'2024-10-02 13:06:44'),
(161,	'He set them in high ranking position',	43,	'2024-10-02 13:07:29',	'2024-10-02 13:07:29'),
(162,	'He gave them huge lands',	43,	'2024-10-02 13:08:09',	'2024-10-02 13:08:09'),
(163,	'Peace Offering',	44,	'2024-10-02 13:26:00',	'2024-10-02 13:26:00'),
(164,	'Burnt Offering',	44,	'2024-10-02 13:26:12',	'2024-10-02 13:26:12'),
(165,	'Blood Offering',	44,	'2024-10-02 13:26:41',	'2024-10-02 13:26:41'),
(166,	'Simple Offering',	44,	'2024-10-02 13:27:00',	'2024-10-02 13:27:00'),
(167,	'Dan',	45,	'2024-10-03 08:10:28',	'2024-10-03 08:10:28'),
(168,	'Reuben',	45,	'2024-10-03 08:10:43',	'2024-10-03 08:10:43'),
(169,	'Levi',	45,	'2024-10-03 08:10:59',	'2024-10-03 08:10:59'),
(170,	'Joseph',	45,	'2024-10-03 08:11:11',	'2024-10-03 08:11:11'),
(171,	'18 years old and above',	46,	'2024-10-03 08:15:54',	'2024-10-03 08:15:54'),
(172,	'22 years old and above',	46,	'2024-10-03 08:16:10',	'2024-10-03 08:16:10'),
(173,	'25 years old and above',	46,	'2024-10-03 08:16:27',	'2024-10-03 08:16:27'),
(174,	'Twenty years old and above',	46,	'2024-10-03 08:16:48',	'2024-10-03 08:16:48'),
(175,	'45,000 men',	47,	'2024-10-03 08:24:08',	'2024-10-03 08:25:21'),
(176,	'40,000 men',	47,	'2024-10-03 08:24:26',	'2024-10-03 08:25:13'),
(177,	'50,000 men',	47,	'2024-10-03 08:24:53',	'2024-10-03 08:24:53'),
(178,	'46,500 men',	47,	'2024-10-03 08:25:06',	'2024-10-03 08:25:06'),
(179,	'46,500 men',	48,	'2024-10-03 08:28:02',	'2024-10-03 08:28:02'),
(180,	'40,500 men',	48,	'2024-10-03 08:28:17',	'2024-10-03 08:28:17'),
(181,	'59,300 men',	48,	'2024-10-03 08:28:37',	'2024-10-03 08:28:37'),
(182,	'60,500 men',	48,	'2024-10-03 08:29:01',	'2024-10-03 08:29:01'),
(183,	'45,000 men',	49,	'2024-10-03 08:36:18',	'2024-10-03 08:36:18'),
(184,	'45,650 men',	49,	'2024-10-03 08:36:30',	'2024-10-03 08:36:30'),
(185,	'44,500 men',	49,	'2024-10-03 08:36:49',	'2024-10-03 08:36:49'),
(186,	'44,000 men',	49,	'2024-10-03 08:36:59',	'2024-10-03 08:36:59'),
(187,	'14,660 men',	50,	'2024-10-03 08:39:57',	'2024-10-03 08:39:57'),
(188,	'15,600 men',	50,	'2024-10-03 08:40:10',	'2024-10-03 08:40:10'),
(189,	'16,200 men',	50,	'2024-10-03 08:40:27',	'2024-10-03 08:40:27'),
(190,	'17,100 men',	50,	'2024-10-03 08:40:41',	'2024-10-03 08:40:41'),
(191,	'53,250 men',	51,	'2024-10-03 08:57:45',	'2024-10-03 08:57:45'),
(192,	'51,300 men',	51,	'2024-10-03 08:57:59',	'2024-10-03 08:57:59'),
(193,	'54,400 men',	51,	'2024-10-03 08:58:11',	'2024-10-03 08:58:11'),
(194,	'50,230 men',	51,	'2024-10-03 08:58:33',	'2024-10-03 08:58:33'),
(195,	'56,400 men',	52,	'2024-10-03 09:00:46',	'2024-10-03 09:00:46'),
(196,	'57,400 men',	52,	'2024-10-03 09:00:59',	'2024-10-03 09:00:59'),
(197,	'56,200 men',	52,	'2024-10-03 09:01:27',	'2024-10-03 09:01:27'),
(198,	'55,700 men',	52,	'2024-10-03 09:01:42',	'2024-10-03 09:01:42'),
(199,	'41,500 men',	53,	'2024-10-03 09:29:55',	'2024-10-03 09:29:55'),
(200,	'42,500 men',	53,	'2024-10-03 09:30:07',	'2024-10-03 09:30:07'),
(201,	'40,500 men',	53,	'2024-10-03 09:30:17',	'2024-10-03 09:30:17'),
(202,	'43,500 men',	53,	'2024-10-03 09:30:29',	'2024-10-03 09:30:29'),
(203,	'32,200 men',	54,	'2024-10-03 09:32:38',	'2024-10-03 09:32:38'),
(204,	'32,300 men',	54,	'2024-10-03 09:32:53',	'2024-10-03 09:32:53'),
(205,	'32,400 men',	54,	'2024-10-03 09:33:04',	'2024-10-03 09:33:04'),
(206,	'32,500 men',	54,	'2024-10-03 09:33:15',	'2024-10-03 09:33:15'),
(207,	'34,200 men',	55,	'2024-10-03 09:35:23',	'2024-10-03 09:35:23'),
(208,	'35,500 men',	55,	'2024-10-03 09:35:39',	'2024-10-03 09:35:39'),
(209,	'35,400 men',	55,	'2024-10-03 09:35:52',	'2024-10-03 09:35:52'),
(210,	'36,200 men',	55,	'2024-10-03 09:36:07',	'2024-10-03 09:36:07'),
(211,	'2,760 men',	56,	'2024-10-04 08:14:17',	'2024-10-04 08:14:17'),
(212,	'3,560 men',	56,	'2024-10-04 08:14:32',	'2024-10-04 08:14:32'),
(213,	'3,260 men',	56,	'2024-10-04 08:14:48',	'2024-10-04 08:14:48'),
(214,	'2,960 men',	56,	'2024-10-04 08:15:01',	'2024-10-04 08:15:01'),
(215,	'40,500 men',	57,	'2024-10-04 08:17:07',	'2024-10-04 08:17:07'),
(216,	'41,500 men',	57,	'2024-10-04 08:17:26',	'2024-10-04 08:17:26'),
(217,	'42,500 men',	57,	'2024-10-04 08:17:35',	'2024-10-04 08:17:35'),
(218,	'43,500 men',	57,	'2024-10-04 08:17:46',	'2024-10-04 08:17:46'),
(219,	'51,500 men',	58,	'2024-10-04 08:20:06',	'2024-10-04 08:20:06'),
(220,	'52,000 men',	58,	'2024-10-04 08:20:25',	'2024-10-04 08:20:25'),
(221,	'53,400 men',	58,	'2024-10-04 08:20:40',	'2024-10-04 08:20:40'),
(222,	'51,800',	58,	'2024-10-04 08:21:02',	'2024-10-04 08:21:02'),
(223,	'650,420 men',	59,	'2024-10-04 08:25:16',	'2024-10-04 08:25:16'),
(224,	'610,560 men',	59,	'2024-10-04 08:25:35',	'2024-10-04 08:25:35'),
(225,	'621,210 men',	59,	'2024-10-04 08:25:50',	'2024-10-04 08:25:50'),
(226,	'603,550 men',	59,	'2024-10-04 08:26:02',	'2024-10-04 08:26:02'),
(227,	'Tribe of Dinah',	60,	'2024-10-04 08:29:45',	'2024-10-04 08:29:45'),
(228,	'Tribe of Levites',	60,	'2024-10-04 08:29:58',	'2024-10-04 08:29:58'),
(229,	'Tribe of Joseph',	60,	'2024-10-04 08:32:36',	'2024-10-04 08:32:36'),
(230,	'Tribe of Aaron',	60,	'2024-10-04 08:33:35',	'2024-10-04 08:33:35'),
(231,	'12 days',	61,	'2024-10-08 22:51:30',	'2024-10-08 22:51:30'),
(232,	'15 days',	61,	'2024-10-08 22:51:40',	'2024-10-08 22:51:40'),
(233,	'11 days',	61,	'2024-10-08 22:51:49',	'2024-10-08 22:51:49'),
(234,	'10 days',	61,	'2024-10-08 22:51:59',	'2024-10-08 22:51:59'),
(235,	'Og',	62,	'2024-10-08 23:00:53',	'2024-10-08 23:00:53'),
(236,	'Sihon',	62,	'2024-10-08 23:01:02',	'2024-10-08 23:01:02'),
(237,	'Madduk',	62,	'2024-10-08 23:01:13',	'2024-10-08 23:01:13'),
(238,	'Zoher',	62,	'2024-10-08 23:01:27',	'2024-10-08 23:01:27'),
(239,	'Khan',	63,	'2024-10-08 23:03:51',	'2024-10-08 23:03:51'),
(240,	'Basur',	63,	'2024-10-08 23:04:03',	'2024-10-08 23:04:03'),
(241,	'Og',	63,	'2024-10-08 23:04:13',	'2024-10-08 23:04:13'),
(242,	'Zomer',	63,	'2024-10-08 23:04:25',	'2024-10-08 23:04:25'),
(243,	'10 men',	64,	'2024-10-09 00:14:37',	'2024-10-09 00:14:37'),
(244,	'12 men',	64,	'2024-10-09 00:14:50',	'2024-10-09 00:14:50'),
(245,	'20 men',	64,	'2024-10-09 00:15:00',	'2024-10-09 00:15:00'),
(246,	'15 men',	64,	'2024-10-09 00:15:11',	'2024-10-09 00:15:11'),
(247,	'Anakims',	65,	'2024-10-09 01:38:32',	'2024-10-09 01:38:32'),
(248,	'Nethulim',	65,	'2024-10-09 01:42:18',	'2024-10-09 01:42:18'),
(249,	'Garrakim',	65,	'2024-10-09 01:42:30',	'2024-10-09 01:42:30'),
(250,	'Zubilim',	65,	'2024-10-09 01:42:45',	'2024-10-09 01:42:45'),
(251,	'Zamzumims',	66,	'2024-10-14 14:45:41',	'2024-10-14 14:45:41'),
(252,	'Emims',	66,	'2024-10-14 14:45:59',	'2024-10-14 14:45:59'),
(253,	'Zeruhims',	66,	'2024-10-14 14:46:14',	'2024-10-14 14:46:14'),
(254,	'Somofims',	66,	'2024-10-14 14:46:32',	'2024-10-14 14:46:32'),
(255,	'Aaron',	67,	'2024-10-15 10:17:57',	'2024-10-15 10:17:57'),
(256,	'Joshua',	67,	'2024-10-15 10:18:08',	'2024-10-15 10:18:08'),
(257,	'Caleb',	67,	'2024-10-15 10:18:20',	'2024-10-15 10:18:20'),
(258,	'Abraham',	67,	'2024-10-15 10:18:29',	'2024-10-15 10:18:29'),
(259,	'Nun',	68,	'2024-10-15 13:15:44',	'2024-10-15 13:15:44'),
(260,	'Jun',	68,	'2024-10-15 13:15:53',	'2024-10-15 13:15:53'),
(261,	'Sabback',	68,	'2024-10-15 13:16:04',	'2024-10-15 13:16:04'),
(262,	'Humdi',	68,	'2024-10-15 13:16:22',	'2024-10-15 13:16:22'),
(263,	'Rachel',	69,	'2024-10-15 13:23:59',	'2024-10-15 13:23:59'),
(264,	'Leah',	69,	'2024-10-15 13:24:07',	'2024-10-15 13:24:07'),
(265,	'Rahab',	69,	'2024-10-15 13:24:24',	'2024-10-15 13:24:24'),
(266,	'Dinah',	69,	'2024-10-15 13:24:39',	'2024-10-15 13:24:39'),
(267,	'Ai',	70,	'2024-10-15 13:26:48',	'2024-10-15 13:26:48'),
(268,	'Jericho',	70,	'2024-10-15 13:27:00',	'2024-10-15 13:27:00'),
(269,	'Canaan',	70,	'2024-10-15 13:27:35',	'2024-10-15 13:27:35'),
(270,	'Philippi',	70,	'2024-10-15 13:28:06',	'2024-10-15 13:28:06'),
(271,	'Roof of the house',	71,	'2024-10-17 12:25:52',	'2024-10-17 12:25:52'),
(272,	'Under the table',	71,	'2024-10-17 12:26:07',	'2024-10-17 12:26:07'),
(273,	'Inside the closet',	71,	'2024-10-17 12:26:23',	'2024-10-17 12:26:23'),
(274,	'Under the chair',	71,	'2024-10-17 12:26:54',	'2024-10-17 12:26:54'),
(275,	'Give her flowers',	72,	'2024-10-17 12:34:08',	'2024-10-17 12:34:08'),
(276,	'Give her weapons',	72,	'2024-10-17 12:35:11',	'2024-10-17 12:35:11'),
(277,	'Save her whole house and everything they have',	72,	'2024-10-17 12:35:23',	'2024-10-17 12:35:23'),
(278,	'Give her strong men to protect her',	72,	'2024-10-17 12:36:59',	'2024-10-17 12:36:59'),
(279,	'Within the palace',	73,	'2024-10-17 12:41:36',	'2024-10-17 12:41:36'),
(280,	'Upon the wall',	73,	'2024-10-17 12:41:47',	'2024-10-17 12:41:47'),
(281,	'Beside the market place',	73,	'2024-10-17 12:42:05',	'2024-10-17 12:42:05'),
(282,	'Below the gate',	73,	'2024-10-17 12:42:27',	'2024-10-17 12:42:27'),
(283,	'5 days',	74,	'2024-10-17 12:47:23',	'2024-10-17 12:47:23'),
(284,	'4 days',	74,	'2024-10-17 12:47:32',	'2024-10-17 12:47:32'),
(285,	'2 days',	74,	'2024-10-17 12:47:45',	'2024-10-17 12:47:45'),
(286,	'3 days',	74,	'2024-10-17 12:47:55',	'2024-10-17 12:47:55'),
(287,	'A girl',	75,	'2024-10-17 13:23:52',	'2024-10-17 13:23:52'),
(288,	'A boy',	75,	'2024-10-17 13:24:03',	'2024-10-17 13:24:03'),
(289,	'A gay',	75,	'2024-10-17 13:24:15',	'2024-10-17 13:24:15'),
(290,	'A lesbian',	75,	'2024-10-17 13:24:25',	'2024-10-17 13:24:25'),
(291,	'5 months',	76,	'2024-10-17 13:29:57',	'2024-10-17 13:29:57'),
(292,	'4 months',	76,	'2024-10-17 13:30:06',	'2024-10-17 13:30:06'),
(293,	'2 months',	76,	'2024-10-17 13:30:15',	'2024-10-17 13:30:15'),
(294,	'3 months',	76,	'2024-10-17 13:30:25',	'2024-10-17 13:30:25'),
(295,	'Bulrushes',	77,	'2024-10-17 13:42:08',	'2024-10-17 13:42:08'),
(296,	'Stick',	77,	'2024-10-17 13:42:16',	'2024-10-17 13:42:16'),
(297,	'Leaves',	77,	'2024-10-17 13:42:24',	'2024-10-17 13:42:51'),
(298,	'Plastic',	77,	'2024-10-17 13:42:37',	'2024-10-17 13:42:37'),
(299,	'His sister',	78,	'2024-10-17 13:54:09',	'2024-10-17 13:54:09'),
(300,	'His Auntie',	78,	'2024-10-17 13:54:25',	'2024-10-17 13:54:25'),
(301,	'His mother',	78,	'2024-10-17 13:54:44',	'2024-10-17 13:54:44'),
(302,	'His grandmother',	78,	'2024-10-17 13:55:05',	'2024-10-17 13:55:05'),
(303,	'His mother',	79,	'2024-10-17 13:58:52',	'2024-10-17 13:58:52'),
(304,	'His sister',	79,	'2024-10-17 13:58:59',	'2024-10-17 13:58:59'),
(305,	'His grandmother',	79,	'2024-10-17 14:00:03',	'2024-10-17 14:00:03'),
(306,	'The daughter of Pharaoh',	79,	'2024-10-17 14:00:16',	'2024-10-17 14:01:38'),
(307,	'Taken out of the bushes',	80,	'2024-10-17 14:04:55',	'2024-10-17 14:04:55'),
(308,	'Drawn out of the water',	80,	'2024-10-17 14:05:07',	'2024-10-17 14:05:07'),
(309,	'Taken captive',	80,	'2024-10-17 14:05:49',	'2024-10-17 14:05:49'),
(310,	'Drawn out of the mud',	80,	'2024-10-17 14:06:19',	'2024-10-17 14:06:19'),
(311,	'In the house',	81,	'2024-10-17 14:11:46',	'2024-10-17 14:11:46'),
(312,	'In the water',	81,	'2024-10-17 14:11:59',	'2024-10-17 14:11:59'),
(313,	'In the market',	81,	'2024-10-17 14:12:32',	'2024-10-17 14:12:32'),
(314,	'In the sand',	81,	'2024-10-17 14:12:43',	'2024-10-17 14:12:43'),
(315,	'935 years old',	82,	'2024-10-19 02:14:49',	'2024-10-19 02:14:49'),
(316,	'920 years old',	82,	'2024-10-19 02:15:02',	'2024-10-19 02:15:02'),
(317,	'930 years old',	82,	'2024-10-19 02:15:13',	'2024-10-19 02:15:13'),
(318,	'940 years old',	82,	'2024-10-19 02:15:24',	'2024-10-19 02:15:24'),
(319,	'920 years old',	83,	'2024-10-19 02:22:16',	'2024-10-19 02:22:16'),
(320,	'910 years old',	83,	'2024-10-19 02:22:26',	'2024-10-19 02:22:26'),
(321,	'930 years old',	83,	'2024-10-19 02:22:36',	'2024-10-19 02:22:36'),
(322,	'950 years old',	83,	'2024-10-19 02:22:47',	'2024-10-19 02:22:47'),
(323,	'110 years old',	84,	'2024-10-19 02:23:07',	'2024-10-19 02:23:07'),
(324,	'105 years old',	84,	'2024-10-19 02:23:21',	'2024-10-19 02:23:21'),
(325,	'115 years old',	84,	'2024-10-19 02:24:03',	'2024-10-19 02:24:03'),
(326,	'120 years old',	84,	'2024-10-19 02:24:17',	'2024-10-19 02:24:17'),
(327,	'100 years old',	85,	'2024-10-19 02:31:34',	'2024-10-19 02:31:34'),
(328,	'95 years old',	85,	'2024-10-19 02:31:48',	'2024-10-19 02:31:48'),
(329,	'90 years old',	85,	'2024-10-19 02:31:58',	'2024-10-19 02:31:58'),
(330,	'112 years old',	85,	'2024-10-19 02:32:09',	'2024-10-19 02:32:09'),
(331,	'900 years old',	86,	'2024-10-19 02:34:14',	'2024-10-19 02:34:14'),
(332,	'910 years old',	86,	'2024-10-19 02:34:29',	'2024-10-19 02:34:29'),
(333,	'915 years old',	86,	'2024-10-19 02:34:45',	'2024-10-19 02:34:45'),
(334,	'905 years old',	86,	'2024-10-19 02:34:55',	'2024-10-19 02:34:55'),
(335,	'Noah',	87,	'2024-10-19 02:39:27',	'2024-10-19 02:39:27'),
(336,	'Abraham',	87,	'2024-10-19 02:40:27',	'2024-10-19 02:40:27'),
(337,	'Moises',	87,	'2024-10-19 02:40:36',	'2024-10-19 02:40:36'),
(338,	'Joshua',	87,	'2024-10-19 02:40:47',	'2024-10-19 02:40:47'),
(339,	'David',	88,	'2024-10-19 02:43:20',	'2024-10-19 02:43:20'),
(340,	'Shem',	88,	'2024-10-19 02:43:30',	'2024-10-19 02:43:30'),
(341,	'Seth',	88,	'2024-10-19 02:43:47',	'2024-10-19 02:43:47'),
(342,	'Moses',	88,	'2024-10-19 02:44:39',	'2024-10-19 02:44:39'),
(343,	'Acacia wood',	89,	'2024-10-19 02:48:39',	'2024-10-19 02:48:39'),
(344,	'Gopher wood',	89,	'2024-10-19 02:48:58',	'2024-10-19 02:48:58'),
(345,	'Oak wood',	89,	'2024-10-19 02:49:15',	'2024-10-19 02:49:15'),
(346,	'Cedar wood',	89,	'2024-10-19 02:50:04',	'2024-10-19 02:50:04'),
(347,	'350 cubits',	90,	'2024-10-19 02:54:13',	'2024-10-19 02:54:13'),
(348,	'340 cubits',	90,	'2024-10-19 02:54:23',	'2024-10-19 02:54:23'),
(349,	'330 cubits',	90,	'2024-10-19 02:54:34',	'2024-10-19 02:54:34'),
(350,	'300 cubits',	90,	'2024-10-19 02:54:46',	'2024-10-19 02:54:46'),
(351,	'50 cubits',	91,	'2024-10-19 02:56:21',	'2024-10-19 02:56:21'),
(352,	'55 cubits',	91,	'2024-10-19 02:56:31',	'2024-10-19 02:56:31'),
(353,	'60 cubits',	91,	'2024-10-19 02:56:48',	'2024-10-19 02:56:48'),
(354,	'100 cubits',	91,	'2024-10-19 02:56:59',	'2024-10-19 02:56:59'),
(355,	'35 cubits',	92,	'2024-10-19 02:58:18',	'2024-10-19 02:58:18'),
(356,	'30 cubits',	92,	'2024-10-19 02:58:30',	'2024-10-19 02:58:30'),
(357,	'40 cubits',	92,	'2024-10-19 02:58:45',	'2024-10-19 02:58:45'),
(358,	'50 cubits',	92,	'2024-10-19 02:58:52',	'2024-10-19 02:58:52'),
(359,	'4 stories',	93,	'2024-10-19 03:02:22',	'2024-10-19 03:02:22'),
(360,	'2 stories',	93,	'2024-10-19 03:02:30',	'2024-10-19 03:02:30'),
(361,	'5 stories',	93,	'2024-10-19 03:02:40',	'2024-10-19 03:02:40'),
(362,	'3 stories',	93,	'2024-10-19 03:02:49',	'2024-10-19 03:02:49'),
(363,	'70 years old',	94,	'2024-10-19 06:19:16',	'2024-10-19 06:19:16'),
(364,	'75 years old',	94,	'2024-10-19 06:19:33',	'2024-10-19 06:19:33'),
(365,	'80 years old',	94,	'2024-10-19 06:19:43',	'2024-10-19 06:19:43'),
(366,	'85 years old',	94,	'2024-10-19 06:19:54',	'2024-10-19 06:19:54'),
(367,	'905 years old',	95,	'2024-10-19 12:55:25',	'2024-10-19 12:55:25'),
(368,	'915 years old',	95,	'2024-10-19 12:55:35',	'2024-10-19 12:55:35'),
(369,	'910 years old',	95,	'2024-10-19 12:55:46',	'2024-10-19 12:55:46'),
(370,	'925 years old',	95,	'2024-10-19 12:55:57',	'2024-10-19 12:55:57'),
(371,	'Enos',	96,	'2024-10-19 12:59:32',	'2024-10-19 12:59:32'),
(372,	'Seth',	96,	'2024-10-19 12:59:52',	'2024-10-19 12:59:52'),
(373,	'Mahalaleel',	96,	'2024-10-19 13:00:35',	'2024-10-19 13:00:35'),
(374,	'Jared',	96,	'2024-10-19 13:00:53',	'2024-10-19 13:00:53'),
(375,	'Enos',	97,	'2024-10-19 13:02:41',	'2024-10-19 13:02:41'),
(376,	'Seth',	97,	'2024-10-19 13:02:51',	'2024-10-19 13:02:51'),
(377,	'Cainan',	97,	'2024-10-19 13:03:00',	'2024-10-19 13:03:00'),
(378,	'Jared',	97,	'2024-10-19 13:03:19',	'2024-10-19 13:03:19'),
(379,	'Mahalaleel',	98,	'2024-10-19 13:06:26',	'2024-10-19 13:06:26'),
(380,	'Enos',	98,	'2024-10-19 13:06:36',	'2024-10-19 13:06:36'),
(381,	'Cainan',	98,	'2024-10-19 13:06:46',	'2024-10-19 13:06:46'),
(382,	'Seth',	98,	'2024-10-19 13:06:58',	'2024-10-19 13:06:58'),
(383,	'150 years old',	99,	'2024-10-19 13:10:56',	'2024-10-19 13:10:56'),
(384,	'140 years old',	99,	'2024-10-19 13:11:06',	'2024-10-19 13:11:06'),
(385,	'130 years old',	99,	'2024-10-19 13:11:18',	'2024-10-19 13:11:18'),
(386,	'162 years old',	99,	'2024-10-19 13:11:28',	'2024-10-19 13:11:28'),
(387,	'962 years old',	100,	'2024-10-19 13:15:57',	'2024-10-19 13:15:57'),
(388,	'965 years old',	100,	'2024-10-19 13:16:09',	'2024-10-19 13:16:09'),
(389,	'967 years old',	100,	'2024-10-19 13:16:24',	'2024-10-19 13:16:24'),
(390,	'960 years old',	100,	'2024-10-19 13:16:37',	'2024-10-19 13:16:37'),
(391,	'Jared',	101,	'2024-10-19 13:18:20',	'2024-10-19 13:18:20'),
(392,	'Enoch',	101,	'2024-10-19 13:18:30',	'2024-10-19 13:18:30'),
(393,	'Seth',	101,	'2024-10-19 13:19:02',	'2024-10-19 13:19:02'),
(394,	'Cainan',	101,	'2024-10-19 13:19:25',	'2024-10-19 13:19:25'),
(395,	'Shem',	102,	'2024-10-19 13:22:03',	'2024-10-19 13:22:03'),
(396,	'Ham',	102,	'2024-10-19 13:22:11',	'2024-10-19 13:22:11'),
(397,	'Japheth',	102,	'2024-10-19 13:22:20',	'2024-10-19 13:22:20'),
(398,	'Methuselah',	102,	'2024-10-19 13:22:30',	'2024-10-19 13:22:30'),
(399,	'190 years old',	103,	'2024-10-19 13:26:10',	'2024-10-19 13:26:10'),
(400,	'185 years old',	103,	'2024-10-19 13:26:21',	'2024-10-19 13:26:21'),
(401,	'183 years old',	103,	'2024-10-19 13:26:38',	'2024-10-19 13:26:38'),
(402,	'187 years old',	103,	'2024-10-19 13:26:49',	'2024-10-19 13:26:49'),
(403,	'Jared',	104,	'2024-10-19 13:30:15',	'2024-10-19 13:30:15'),
(404,	'Lamech',	104,	'2024-10-19 13:30:24',	'2024-10-19 13:30:24'),
(405,	'Methuselah',	104,	'2024-10-19 13:30:34',	'2024-10-19 13:30:34'),
(406,	'Enoch',	104,	'2024-10-19 13:30:47',	'2024-10-19 13:30:47'),
(407,	'187 years old',	105,	'2024-10-19 13:37:18',	'2024-10-19 13:37:18'),
(408,	'186 years old',	105,	'2024-10-19 13:37:27',	'2024-10-19 13:37:27'),
(409,	'182 years old',	105,	'2024-10-19 13:37:37',	'2024-10-19 13:37:37'),
(410,	'201 years old',	105,	'2024-10-19 13:37:48',	'2024-10-19 13:37:48'),
(411,	'By works of righteousness',	106,	'2024-10-24 13:55:30',	'2024-10-24 13:55:30'),
(412,	'By obeying the law of Moses',	106,	'2024-10-24 13:56:11',	'2024-10-24 13:56:11'),
(413,	'By grace through faith',	106,	'2024-10-24 13:56:26',	'2024-10-24 13:56:26'),
(414,	'By giving tithes and offering',	106,	'2024-10-24 13:57:01',	'2024-10-24 13:57:01'),
(415,	'790 years old',	107,	'2024-10-25 10:25:15',	'2024-10-25 10:25:15'),
(416,	'780 years',	107,	'2024-10-25 10:25:26',	'2024-10-25 10:25:26'),
(417,	'777 years old',	107,	'2024-10-25 10:25:44',	'2024-10-25 10:25:44'),
(418,	'760 years old',	107,	'2024-10-25 10:25:53',	'2024-10-25 10:25:53'),
(419,	'120 years old',	108,	'2024-10-30 00:02:07',	'2024-10-30 00:02:07'),
(420,	'115 years old',	108,	'2024-10-30 00:02:17',	'2024-10-30 00:02:17'),
(421,	'110 years old',	108,	'2024-10-30 00:02:28',	'2024-10-30 00:02:28'),
(422,	'100 years old',	108,	'2024-10-30 00:02:42',	'2024-10-30 00:02:42'),
(423,	'Monserath',	109,	'2024-10-30 00:07:51',	'2024-10-30 00:07:51'),
(424,	'Timnathserah',	109,	'2024-10-30 00:08:01',	'2024-10-30 00:08:01'),
(425,	'Shechem',	109,	'2024-10-30 00:08:20',	'2024-10-30 00:08:20'),
(426,	'Ur of Chaldea',	109,	'2024-10-30 00:08:37',	'2024-10-30 00:08:37'),
(427,	'500 years old',	110,	'2024-11-04 13:41:39',	'2024-11-04 13:41:39'),
(428,	'510 years old',	110,	'2024-11-04 13:41:47',	'2024-11-04 13:41:47'),
(429,	'520 years old',	110,	'2024-11-04 13:41:56',	'2024-11-04 13:41:56'),
(430,	'530 years old',	110,	'2024-11-04 13:42:05',	'2024-11-04 13:42:05'),
(431,	'No',	111,	'2024-11-04 13:45:08',	'2024-11-04 13:45:08'),
(432,	'Maybe',	111,	'2024-11-04 13:45:19',	'2024-11-04 13:45:19'),
(433,	'Yes',	111,	'2024-11-04 13:45:30',	'2024-11-04 13:45:30'),
(434,	'None of the above',	111,	'2024-11-04 13:46:08',	'2024-11-04 13:46:08'),
(435,	'God burned them all with fire',	112,	'2024-11-04 14:00:06',	'2024-11-04 14:00:06'),
(436,	'God brought a flood of waters upon the earth',	112,	'2024-11-04 14:00:19',	'2024-11-04 14:00:19'),
(437,	'God poisoned the waters',	112,	'2024-11-04 14:01:04',	'2024-11-04 14:01:04'),
(438,	'God stopped their breathing',	112,	'2024-11-04 14:01:35',	'2024-11-04 14:01:35'),
(439,	'5 pairs',	113,	'2024-11-04 14:06:59',	'2024-11-04 14:06:59'),
(440,	'4 pairs',	113,	'2024-11-04 14:07:06',	'2024-11-04 14:07:06'),
(441,	'8 pairs',	113,	'2024-11-04 14:07:15',	'2024-11-04 14:07:15'),
(442,	'7 pairs',	113,	'2024-11-04 14:07:19',	'2024-11-04 14:07:19'),
(443,	'7 pairs',	114,	'2024-11-04 14:08:23',	'2024-11-04 14:08:23'),
(444,	'3 pairs',	114,	'2024-11-04 14:08:33',	'2024-11-04 14:08:33'),
(445,	'2 pairs',	114,	'2024-11-04 14:08:43',	'2024-11-04 14:08:43'),
(446,	'9 pairs',	114,	'2024-11-04 14:08:51',	'2024-11-04 14:08:51'),
(447,	'7 pairs',	115,	'2024-11-04 14:11:20',	'2024-11-04 14:11:20'),
(448,	'6 pairs',	115,	'2024-11-04 14:11:29',	'2024-11-04 14:11:29'),
(449,	'5 pairs',	115,	'2024-11-04 14:11:39',	'2024-11-04 14:11:39'),
(450,	'4 pairs',	115,	'2024-11-04 14:11:48',	'2024-11-04 14:11:48'),
(451,	'35 days and 36 nights',	116,	'2024-11-04 14:16:14',	'2024-11-04 14:16:14'),
(452,	'40 days and 40 nights',	116,	'2024-11-04 14:16:27',	'2024-11-04 14:16:27'),
(453,	'45 days and 45 nights',	116,	'2024-11-04 14:16:47',	'2024-11-04 14:16:47'),
(454,	'50 days and 49 nights',	116,	'2024-11-04 14:17:02',	'2024-11-04 14:17:02'),
(455,	'550 years old',	117,	'2024-11-04 14:20:38',	'2024-11-04 14:20:38'),
(456,	'650 years old',	117,	'2024-11-04 14:20:56',	'2024-11-04 14:20:56'),
(457,	'700 years old',	117,	'2024-11-04 14:21:07',	'2024-11-04 14:21:07'),
(458,	'600 years old',	117,	'2024-11-04 14:21:19',	'2024-11-04 14:21:19'),
(459,	'6 people',	118,	'2024-11-04 14:25:25',	'2024-11-04 14:25:25'),
(460,	'8 people',	118,	'2024-11-04 14:25:35',	'2024-11-04 14:25:35'),
(461,	'10 people',	118,	'2024-11-04 14:25:45',	'2024-11-04 14:25:45'),
(462,	'12 people',	118,	'2024-11-04 14:25:59',	'2024-11-04 14:25:59'),
(463,	'20 cubits',	119,	'2024-11-08 06:14:35',	'2024-11-08 06:14:35'),
(464,	'25 cubits',	119,	'2024-11-08 06:14:55',	'2024-11-08 06:14:55'),
(465,	'15 cubits',	119,	'2024-11-08 06:15:06',	'2024-11-08 06:15:06'),
(466,	'30 cubits',	119,	'2024-11-08 06:15:17',	'2024-11-08 06:15:17'),
(467,	'115 days',	120,	'2024-11-08 08:48:14',	'2024-11-08 08:48:14'),
(468,	'120 days',	120,	'2024-11-08 08:48:21',	'2024-11-08 08:48:21'),
(469,	'140 days',	120,	'2024-11-08 08:48:31',	'2024-11-08 08:48:31'),
(470,	'150 days',	120,	'2024-11-08 08:48:41',	'2024-11-08 08:48:41'),
(471,	'Mount Horeb',	121,	'2024-11-12 07:22:39',	'2024-11-12 07:22:39'),
(472,	'Mount Carmel',	121,	'2024-11-12 07:22:51',	'2024-11-12 07:22:51'),
(473,	'Mount Moriah',	121,	'2024-11-12 07:23:01',	'2024-11-12 07:23:01'),
(474,	'Mountains of Ararat',	121,	'2024-11-12 07:23:13',	'2024-11-12 07:23:13'),
(475,	'Raven',	122,	'2024-11-12 07:29:27',	'2024-11-12 07:29:27'),
(476,	'Dove',	122,	'2024-11-12 07:29:37',	'2024-11-12 07:29:37'),
(477,	'Eagle',	122,	'2024-11-12 07:30:24',	'2024-11-12 07:30:24'),
(478,	'Quail',	122,	'2024-11-12 07:30:59',	'2024-11-12 07:30:59'),
(479,	'Land of Uz',	123,	'2024-11-17 12:17:12',	'2024-11-17 12:17:12'),
(480,	'Land of Midian',	123,	'2024-11-17 12:17:26',	'2024-11-17 12:17:26'),
(481,	'Land of Canaan',	123,	'2024-11-17 12:17:42',	'2024-11-17 12:17:42'),
(482,	'Land of Moab',	123,	'2024-11-17 12:17:56',	'2024-11-17 12:17:56'),
(483,	'Jethro',	124,	'2024-11-17 13:05:37',	'2024-11-17 13:05:37'),
(484,	'Levi',	124,	'2024-11-17 13:05:53',	'2024-11-17 13:05:53'),
(485,	'Issachar',	124,	'2024-11-17 13:06:03',	'2024-11-17 13:06:03'),
(486,	'Eli',	124,	'2024-11-17 13:06:21',	'2024-11-17 13:06:21'),
(487,	'8 daughters',	125,	'2024-11-17 13:19:53',	'2024-11-17 13:19:53'),
(488,	'10 daughters',	125,	'2024-11-17 13:20:03',	'2024-11-17 13:20:03'),
(489,	'8 daughters',	125,	'2024-11-17 13:20:14',	'2024-11-17 13:20:14'),
(490,	'7 daughters',	125,	'2024-11-17 13:20:25',	'2024-11-17 13:20:25'),
(491,	'Jeptha',	126,	'2024-11-17 13:30:37',	'2024-11-17 13:30:37'),
(492,	'Zareth',	126,	'2024-11-17 13:31:04',	'2024-11-17 13:31:04'),
(493,	'Reuel',	126,	'2024-11-17 13:31:13',	'2024-11-17 13:31:13'),
(494,	'Abram',	126,	'2024-11-17 13:31:22',	'2024-11-17 13:31:22'),
(495,	'Dinah',	127,	'2024-11-17 13:32:47',	'2024-11-17 13:32:47'),
(496,	'Zipporah',	127,	'2024-11-17 13:33:05',	'2024-11-17 13:33:05'),
(497,	'Pheninah',	127,	'2024-11-17 13:33:17',	'2024-11-17 13:33:17'),
(498,	'Hannah',	127,	'2024-11-17 13:33:25',	'2024-11-17 13:33:25'),
(499,	'Gershom',	128,	'2024-11-17 13:35:07',	'2024-11-17 13:35:07'),
(500,	'Jethro',	128,	'2024-11-17 13:35:33',	'2024-11-17 13:35:33'),
(501,	'Reuel',	128,	'2024-11-17 13:35:49',	'2024-11-17 13:35:49'),
(502,	'Edom',	128,	'2024-11-17 13:36:03',	'2024-11-17 13:36:03'),
(503,	'Mount Moriah',	129,	'2024-11-17 13:41:44',	'2024-11-17 13:41:44'),
(504,	'Mount Sinai',	129,	'2024-11-17 13:41:55',	'2024-11-17 13:41:55'),
(505,	'Mount Carmel',	129,	'2024-11-17 13:42:10',	'2024-11-17 13:42:10'),
(506,	'Mount Horeb',	129,	'2024-11-17 13:42:20',	'2024-11-17 13:42:20'),
(507,	'Runaway person',	130,	'2024-11-17 13:46:23',	'2024-11-17 13:46:23'),
(508,	'Full of faith',	130,	'2024-11-17 13:46:51',	'2024-11-17 13:46:51'),
(509,	'A stranger in a strange land',	130,	'2024-11-17 13:47:01',	'2024-11-17 13:47:01'),
(510,	'Filled with truth',	130,	'2024-11-17 13:47:30',	'2024-11-17 13:47:30'),
(511,	'Shirt',	131,	'2025-03-17 01:57:41',	'2025-03-17 01:57:41'),
(512,	'Shoes',	131,	'2025-03-17 01:57:56',	'2025-03-17 01:57:56'),
(513,	'Coat',	131,	'2025-03-17 01:58:09',	'2025-03-17 01:58:09'),
(514,	'Pants',	131,	'2025-03-17 01:58:23',	'2025-03-17 01:58:23');

DROP TABLE IF EXISTS `seo`;
CREATE TABLE `seo` (
  `id` bigint unsigned NOT NULL AUTO_INCREMENT,
  `model_type` varchar(255) CHARACTER SET utf8mb4 COLLATE utf8mb4_unicode_ci NOT NULL,
  `model_id` bigint unsigned NOT NULL,
  `description` longtext CHARACTER SET utf8mb4 COLLATE utf8mb4_unicode_ci,
  `title` varchar(255) CHARACTER SET utf8mb4 COLLATE utf8mb4_unicode_ci DEFAULT NULL,
  `image` varchar(255) CHARACTER SET utf8mb4 COLLATE utf8mb4_unicode_ci DEFAULT NULL,
  `author` varchar(255) CHARACTER SET utf8mb4 COLLATE utf8mb4_unicode_ci DEFAULT NULL,
  `robots` varchar(255) CHARACTER SET utf8mb4 COLLATE utf8mb4_unicode_ci DEFAULT NULL,
  `canonical_url` varchar(255) CHARACTER SET utf8mb4 COLLATE utf8mb4_unicode_ci DEFAULT NULL,
  `created_at` timestamp NULL DEFAULT NULL,
  `updated_at` timestamp NULL DEFAULT NULL,
  PRIMARY KEY (`id`),
  KEY `seo_model_type_model_id_index` (`model_type`,`model_id`)
) ENGINE=InnoDB DEFAULT CHARSET=utf8mb4 COLLATE=utf8mb4_unicode_ci;

INSERT INTO `seo` (`id`, `model_type`, `model_id`, `description`, `title`, `image`, `author`, `robots`, `canonical_url`, `created_at`, `updated_at`) VALUES
(1,	'App\\Models\\Quiz',	11,	NULL,	NULL,	NULL,	NULL,	NULL,	NULL,	'2024-09-05 16:03:22',	'2024-09-05 16:03:22'),
(2,	'App\\Models\\Quiz',	12,	NULL,	NULL,	NULL,	NULL,	NULL,	NULL,	'2024-09-05 16:45:35',	'2024-09-05 16:45:35'),
(3,	'App\\Models\\Quiz',	13,	NULL,	NULL,	NULL,	NULL,	NULL,	NULL,	'2024-09-05 16:50:47',	'2024-09-05 16:50:47'),
(4,	'App\\Models\\Quiz',	14,	NULL,	NULL,	NULL,	NULL,	NULL,	NULL,	'2024-09-05 17:06:32',	'2024-09-05 17:06:32'),
(5,	'App\\Models\\Quiz',	15,	NULL,	NULL,	NULL,	NULL,	NULL,	NULL,	'2024-09-06 21:44:54',	'2024-09-06 21:44:54'),
(6,	'App\\Models\\Quiz',	16,	NULL,	NULL,	NULL,	NULL,	NULL,	NULL,	'2024-09-06 21:50:56',	'2024-09-06 21:50:56'),
(7,	'App\\Models\\Quiz',	17,	NULL,	NULL,	NULL,	NULL,	NULL,	NULL,	'2024-09-06 21:57:36',	'2024-09-06 21:57:36'),
(8,	'App\\Models\\Quiz',	18,	NULL,	NULL,	NULL,	NULL,	NULL,	NULL,	'2024-09-12 18:25:32',	'2024-09-12 18:25:32'),
(9,	'App\\Models\\Quiz',	19,	NULL,	NULL,	NULL,	NULL,	NULL,	NULL,	'2024-09-12 23:46:39',	'2024-09-12 23:46:39'),
(10,	'App\\Models\\Quiz',	20,	NULL,	NULL,	NULL,	NULL,	NULL,	NULL,	'2024-09-13 03:18:45',	'2024-09-13 03:18:45'),
(11,	'App\\Models\\Quiz',	21,	NULL,	NULL,	NULL,	NULL,	NULL,	NULL,	'2024-09-13 03:21:53',	'2024-09-13 03:21:53'),
(12,	'App\\Models\\Quiz',	22,	NULL,	NULL,	NULL,	NULL,	NULL,	NULL,	'2024-09-24 09:38:57',	'2024-09-24 09:38:57'),
(13,	'App\\Models\\Quiz',	23,	NULL,	NULL,	NULL,	NULL,	NULL,	NULL,	'2024-09-24 09:47:25',	'2024-09-24 09:47:25'),
(14,	'App\\Models\\Quiz',	24,	NULL,	NULL,	NULL,	NULL,	NULL,	NULL,	'2024-09-24 09:54:31',	'2024-09-24 09:54:31'),
(15,	'App\\Models\\Quiz',	25,	NULL,	NULL,	NULL,	NULL,	NULL,	NULL,	'2024-09-24 10:02:21',	'2024-09-24 10:02:21'),
(16,	'App\\Models\\Quiz',	26,	NULL,	NULL,	NULL,	NULL,	NULL,	NULL,	'2024-09-24 10:15:15',	'2024-09-24 10:15:15'),
(17,	'App\\Models\\Quiz',	27,	NULL,	NULL,	NULL,	NULL,	NULL,	NULL,	'2024-09-27 08:51:34',	'2024-09-27 08:51:34'),
(18,	'App\\Models\\Quiz',	28,	NULL,	NULL,	NULL,	NULL,	NULL,	NULL,	'2024-09-28 12:14:04',	'2024-09-28 12:14:04'),
(19,	'App\\Models\\Quiz',	29,	NULL,	NULL,	NULL,	NULL,	NULL,	NULL,	'2024-10-01 00:12:32',	'2024-10-01 00:12:32'),
(20,	'App\\Models\\Quiz',	30,	NULL,	NULL,	NULL,	NULL,	NULL,	NULL,	'2024-10-01 00:17:05',	'2024-10-01 00:17:05'),
(21,	'App\\Models\\Quiz',	31,	NULL,	NULL,	NULL,	NULL,	NULL,	NULL,	'2024-10-01 11:35:58',	'2024-10-01 11:35:58'),
(22,	'App\\Models\\Quiz',	32,	NULL,	NULL,	NULL,	NULL,	NULL,	NULL,	'2024-10-01 11:47:13',	'2024-10-01 11:47:13'),
(23,	'App\\Models\\Quiz',	33,	NULL,	NULL,	NULL,	NULL,	NULL,	NULL,	'2024-10-01 12:09:58',	'2024-10-01 12:09:58'),
(24,	'App\\Models\\Quiz',	34,	NULL,	NULL,	NULL,	NULL,	NULL,	NULL,	'2024-10-01 12:36:28',	'2024-10-01 12:36:28'),
(25,	'App\\Models\\Quiz',	35,	NULL,	NULL,	NULL,	NULL,	NULL,	NULL,	'2024-10-01 12:56:58',	'2024-10-01 12:56:58'),
(26,	'App\\Models\\Quiz',	36,	NULL,	NULL,	NULL,	NULL,	NULL,	NULL,	'2024-10-01 13:04:38',	'2024-10-01 13:04:38'),
(27,	'App\\Models\\Quiz',	37,	NULL,	NULL,	NULL,	NULL,	NULL,	NULL,	'2024-10-02 08:41:33',	'2024-10-02 08:41:33'),
(28,	'App\\Models\\Quiz',	38,	NULL,	NULL,	NULL,	NULL,	NULL,	NULL,	'2024-10-02 08:49:51',	'2024-10-02 08:49:51'),
(29,	'App\\Models\\Quiz',	39,	NULL,	NULL,	NULL,	NULL,	NULL,	NULL,	'2024-10-02 12:10:52',	'2024-10-02 12:10:52'),
(30,	'App\\Models\\Quiz',	40,	NULL,	NULL,	NULL,	NULL,	NULL,	NULL,	'2024-10-02 12:16:20',	'2024-10-02 12:16:20'),
(31,	'App\\Models\\Quiz',	41,	NULL,	NULL,	NULL,	NULL,	NULL,	NULL,	'2024-10-02 12:45:13',	'2024-10-02 12:45:13'),
(32,	'App\\Models\\Quiz',	42,	NULL,	NULL,	NULL,	NULL,	NULL,	NULL,	'2024-10-02 12:55:09',	'2024-10-02 12:55:09'),
(33,	'App\\Models\\Quiz',	43,	NULL,	NULL,	NULL,	NULL,	NULL,	NULL,	'2024-10-02 13:06:12',	'2024-10-02 13:06:12'),
(34,	'App\\Models\\Quiz',	44,	NULL,	NULL,	NULL,	NULL,	NULL,	NULL,	'2024-10-02 13:25:43',	'2024-10-02 13:25:43'),
(35,	'App\\Models\\Quiz',	45,	NULL,	NULL,	NULL,	NULL,	NULL,	NULL,	'2024-10-03 08:08:29',	'2024-10-03 08:08:29'),
(36,	'App\\Models\\Quiz',	46,	NULL,	NULL,	NULL,	NULL,	NULL,	NULL,	'2024-10-03 08:15:33',	'2024-10-03 08:15:33'),
(37,	'App\\Models\\Quiz',	47,	NULL,	NULL,	NULL,	NULL,	NULL,	NULL,	'2024-10-03 08:23:47',	'2024-10-03 08:23:47'),
(38,	'App\\Models\\Quiz',	48,	NULL,	NULL,	NULL,	NULL,	NULL,	NULL,	'2024-10-03 08:27:46',	'2024-10-03 08:27:46'),
(39,	'App\\Models\\Quiz',	49,	NULL,	NULL,	NULL,	NULL,	NULL,	NULL,	'2024-10-03 08:35:52',	'2024-10-03 08:35:52'),
(40,	'App\\Models\\Quiz',	50,	NULL,	NULL,	NULL,	NULL,	NULL,	NULL,	'2024-10-03 08:39:38',	'2024-10-03 08:39:38'),
(41,	'App\\Models\\Quiz',	51,	NULL,	NULL,	NULL,	NULL,	NULL,	NULL,	'2024-10-03 08:57:17',	'2024-10-03 08:57:17'),
(42,	'App\\Models\\Quiz',	52,	NULL,	NULL,	NULL,	NULL,	NULL,	NULL,	'2024-10-03 09:00:20',	'2024-10-03 09:00:20'),
(43,	'App\\Models\\Quiz',	53,	NULL,	NULL,	NULL,	NULL,	NULL,	NULL,	'2024-10-03 09:29:39',	'2024-10-03 09:29:39'),
(44,	'App\\Models\\Quiz',	54,	NULL,	NULL,	NULL,	NULL,	NULL,	NULL,	'2024-10-03 09:32:12',	'2024-10-03 09:32:12'),
(45,	'App\\Models\\Quiz',	55,	NULL,	NULL,	NULL,	NULL,	NULL,	NULL,	'2024-10-03 09:35:08',	'2024-10-03 09:35:08'),
(46,	'App\\Models\\Quiz',	56,	NULL,	NULL,	NULL,	NULL,	NULL,	NULL,	'2024-10-04 08:14:06',	'2024-10-04 08:14:06'),
(47,	'App\\Models\\Quiz',	57,	NULL,	NULL,	NULL,	NULL,	NULL,	NULL,	'2024-10-04 08:16:46',	'2024-10-04 08:16:46'),
(48,	'App\\Models\\Quiz',	58,	NULL,	NULL,	NULL,	NULL,	NULL,	NULL,	'2024-10-04 08:19:45',	'2024-10-04 08:19:45'),
(49,	'App\\Models\\Quiz',	59,	NULL,	NULL,	NULL,	NULL,	NULL,	NULL,	'2024-10-04 08:24:42',	'2024-10-04 08:24:42'),
(50,	'App\\Models\\Quiz',	60,	NULL,	NULL,	NULL,	NULL,	NULL,	NULL,	'2024-10-04 08:29:24',	'2024-10-04 08:29:24'),
(51,	'App\\Models\\Quiz',	61,	NULL,	NULL,	NULL,	NULL,	NULL,	NULL,	'2024-10-08 22:51:20',	'2024-10-08 22:51:20'),
(52,	'App\\Models\\Quiz',	62,	NULL,	NULL,	NULL,	NULL,	NULL,	NULL,	'2024-10-08 23:00:21',	'2024-10-08 23:00:21'),
(53,	'App\\Models\\Quiz',	63,	NULL,	NULL,	NULL,	NULL,	NULL,	NULL,	'2024-10-08 23:03:35',	'2024-10-08 23:03:35'),
(54,	'App\\Models\\Quiz',	64,	NULL,	NULL,	NULL,	NULL,	NULL,	NULL,	'2024-10-09 00:14:26',	'2024-10-09 00:14:26'),
(55,	'App\\Models\\Quiz',	65,	NULL,	NULL,	NULL,	NULL,	NULL,	NULL,	'2024-10-09 01:38:23',	'2024-10-09 01:38:23'),
(56,	'App\\Models\\Quiz',	66,	NULL,	NULL,	NULL,	NULL,	NULL,	NULL,	'2024-10-14 14:45:21',	'2024-10-14 14:45:21'),
(57,	'App\\Models\\Quiz',	67,	NULL,	NULL,	NULL,	NULL,	NULL,	NULL,	'2024-10-15 10:17:34',	'2024-10-15 10:17:34'),
(58,	'App\\Models\\Quiz',	68,	NULL,	NULL,	NULL,	NULL,	NULL,	NULL,	'2024-10-15 13:15:34',	'2024-10-15 13:15:34'),
(59,	'App\\Models\\Quiz',	69,	NULL,	NULL,	NULL,	NULL,	NULL,	NULL,	'2024-10-15 13:23:47',	'2024-10-15 13:23:47'),
(60,	'App\\Models\\Quiz',	70,	NULL,	NULL,	NULL,	NULL,	NULL,	NULL,	'2024-10-15 13:26:39',	'2024-10-15 13:26:39'),
(61,	'App\\Models\\Quiz',	71,	NULL,	NULL,	NULL,	NULL,	NULL,	NULL,	'2024-10-17 12:25:34',	'2024-10-17 12:25:34'),
(62,	'App\\Models\\Quiz',	72,	NULL,	NULL,	NULL,	NULL,	NULL,	NULL,	'2024-10-17 12:33:39',	'2024-10-17 12:33:39'),
(63,	'App\\Models\\Quiz',	73,	NULL,	NULL,	NULL,	NULL,	NULL,	NULL,	'2024-10-17 12:40:34',	'2024-10-17 12:40:34'),
(64,	'App\\Models\\Quiz',	74,	NULL,	NULL,	NULL,	NULL,	NULL,	NULL,	'2024-10-17 12:47:09',	'2024-10-17 12:47:09'),
(65,	'App\\Models\\Quiz',	75,	NULL,	NULL,	NULL,	NULL,	NULL,	NULL,	'2024-10-17 13:23:40',	'2024-10-17 13:23:40'),
(66,	'App\\Models\\Quiz',	76,	NULL,	NULL,	NULL,	NULL,	NULL,	NULL,	'2024-10-17 13:29:35',	'2024-10-17 13:29:35'),
(67,	'App\\Models\\Quiz',	77,	NULL,	NULL,	NULL,	NULL,	NULL,	NULL,	'2024-10-17 13:41:59',	'2024-10-17 13:41:59'),
(68,	'App\\Models\\Quiz',	78,	NULL,	NULL,	NULL,	NULL,	NULL,	NULL,	'2024-10-17 13:53:43',	'2024-10-17 13:53:43'),
(69,	'App\\Models\\Quiz',	79,	NULL,	NULL,	NULL,	NULL,	NULL,	NULL,	'2024-10-17 13:58:14',	'2024-10-17 13:58:14'),
(70,	'App\\Models\\Quiz',	80,	NULL,	NULL,	NULL,	NULL,	NULL,	NULL,	'2024-10-17 14:03:51',	'2024-10-17 14:03:51'),
(71,	'App\\Models\\Quiz',	81,	NULL,	NULL,	NULL,	NULL,	NULL,	NULL,	'2024-10-17 14:11:36',	'2024-10-17 14:11:36'),
(72,	'App\\Models\\Quiz',	82,	NULL,	NULL,	NULL,	NULL,	NULL,	NULL,	'2024-10-19 02:14:28',	'2024-10-19 02:14:28'),
(73,	'App\\Models\\Quiz',	83,	NULL,	NULL,	NULL,	NULL,	NULL,	NULL,	'2024-10-19 02:17:21',	'2024-10-19 02:17:21'),
(74,	'App\\Models\\Quiz',	84,	NULL,	NULL,	NULL,	NULL,	NULL,	NULL,	'2024-10-19 02:21:03',	'2024-10-19 02:21:03'),
(75,	'App\\Models\\Quiz',	85,	NULL,	NULL,	NULL,	NULL,	NULL,	NULL,	'2024-10-19 02:31:22',	'2024-10-19 02:31:22'),
(76,	'App\\Models\\Quiz',	86,	NULL,	NULL,	NULL,	NULL,	NULL,	NULL,	'2024-10-19 02:34:01',	'2024-10-19 02:34:01'),
(77,	'App\\Models\\Quiz',	87,	NULL,	NULL,	NULL,	NULL,	NULL,	NULL,	'2024-10-19 02:39:07',	'2024-10-19 02:39:07'),
(78,	'App\\Models\\Quiz',	88,	NULL,	NULL,	NULL,	NULL,	NULL,	NULL,	'2024-10-19 02:42:37',	'2024-10-19 02:42:37'),
(79,	'App\\Models\\Quiz',	89,	NULL,	NULL,	NULL,	NULL,	NULL,	NULL,	'2024-10-19 02:48:24',	'2024-10-19 02:48:24'),
(80,	'App\\Models\\Quiz',	90,	NULL,	NULL,	NULL,	NULL,	NULL,	NULL,	'2024-10-19 02:53:58',	'2024-10-19 02:53:58'),
(81,	'App\\Models\\Quiz',	91,	NULL,	NULL,	NULL,	NULL,	NULL,	NULL,	'2024-10-19 02:56:02',	'2024-10-19 02:56:02'),
(82,	'App\\Models\\Quiz',	92,	NULL,	NULL,	NULL,	NULL,	NULL,	NULL,	'2024-10-19 02:58:08',	'2024-10-19 02:58:08'),
(83,	'App\\Models\\Quiz',	93,	NULL,	NULL,	NULL,	NULL,	NULL,	NULL,	'2024-10-19 03:02:10',	'2024-10-19 03:02:10'),
(84,	'App\\Models\\Quiz',	94,	NULL,	NULL,	NULL,	NULL,	NULL,	NULL,	'2024-10-19 06:19:02',	'2024-10-19 06:19:02'),
(85,	'App\\Models\\Quiz',	95,	NULL,	NULL,	NULL,	NULL,	NULL,	NULL,	'2024-10-19 12:55:13',	'2024-10-19 12:55:13'),
(86,	'App\\Models\\Quiz',	96,	NULL,	NULL,	NULL,	NULL,	NULL,	NULL,	'2024-10-19 12:59:13',	'2024-10-19 12:59:13'),
(87,	'App\\Models\\Quiz',	97,	NULL,	NULL,	NULL,	NULL,	NULL,	NULL,	'2024-10-19 13:02:23',	'2024-10-19 13:02:23'),
(88,	'App\\Models\\Quiz',	98,	NULL,	NULL,	NULL,	NULL,	NULL,	NULL,	'2024-10-19 13:06:05',	'2024-10-19 13:06:05'),
(89,	'App\\Models\\Quiz',	99,	NULL,	NULL,	NULL,	NULL,	NULL,	NULL,	'2024-10-19 13:10:16',	'2024-10-19 13:10:16'),
(90,	'App\\Models\\Quiz',	100,	NULL,	NULL,	NULL,	NULL,	NULL,	NULL,	'2024-10-19 13:15:44',	'2024-10-19 13:15:44'),
(91,	'App\\Models\\Quiz',	101,	NULL,	NULL,	NULL,	NULL,	NULL,	NULL,	'2024-10-19 13:18:10',	'2024-10-19 13:18:10'),
(92,	'App\\Models\\Quiz',	102,	NULL,	NULL,	NULL,	NULL,	NULL,	NULL,	'2024-10-19 13:21:20',	'2024-10-19 13:21:20'),
(93,	'App\\Models\\Quiz',	103,	NULL,	NULL,	NULL,	NULL,	NULL,	NULL,	'2024-10-19 13:25:44',	'2024-10-19 13:25:44'),
(94,	'App\\Models\\Quiz',	104,	NULL,	NULL,	NULL,	NULL,	NULL,	NULL,	'2024-10-19 13:30:01',	'2024-10-19 13:30:01'),
(95,	'App\\Models\\Quiz',	105,	NULL,	NULL,	NULL,	NULL,	NULL,	NULL,	'2024-10-19 13:36:57',	'2024-10-19 13:36:57'),
(96,	'App\\Models\\Quiz',	106,	NULL,	NULL,	NULL,	NULL,	NULL,	NULL,	'2024-10-24 13:55:02',	'2024-10-24 13:55:02'),
(97,	'App\\Models\\Quiz',	107,	NULL,	NULL,	NULL,	NULL,	NULL,	NULL,	'2024-10-25 10:25:00',	'2024-10-25 10:25:00'),
(98,	'App\\Models\\Quiz',	108,	NULL,	NULL,	NULL,	NULL,	NULL,	NULL,	'2024-10-30 00:01:55',	'2024-10-30 00:01:55'),
(99,	'App\\Models\\Quiz',	109,	NULL,	NULL,	NULL,	NULL,	NULL,	NULL,	'2024-10-30 00:07:30',	'2024-10-30 00:07:30'),
(100,	'App\\Models\\Quiz',	110,	NULL,	NULL,	NULL,	NULL,	NULL,	NULL,	'2024-11-04 13:41:19',	'2024-11-04 13:41:19'),
(101,	'App\\Models\\Quiz',	111,	NULL,	NULL,	NULL,	NULL,	NULL,	NULL,	'2024-11-04 13:44:56',	'2024-11-04 13:44:56'),
(102,	'App\\Models\\Quiz',	112,	NULL,	NULL,	NULL,	NULL,	NULL,	NULL,	'2024-11-04 13:59:23',	'2024-11-04 13:59:23'),
(103,	'App\\Models\\Quiz',	113,	NULL,	NULL,	NULL,	NULL,	NULL,	NULL,	'2024-11-04 14:06:44',	'2024-11-04 14:06:44'),
(104,	'App\\Models\\Quiz',	114,	NULL,	NULL,	NULL,	NULL,	NULL,	NULL,	'2024-11-04 14:08:17',	'2024-11-04 14:08:17'),
(105,	'App\\Models\\Quiz',	115,	NULL,	NULL,	NULL,	NULL,	NULL,	NULL,	'2024-11-04 14:11:06',	'2024-11-04 14:11:06'),
(106,	'App\\Models\\Quiz',	116,	NULL,	NULL,	NULL,	NULL,	NULL,	NULL,	'2024-11-04 14:15:53',	'2024-11-04 14:15:53'),
(107,	'App\\Models\\Quiz',	117,	NULL,	NULL,	NULL,	NULL,	NULL,	NULL,	'2024-11-04 14:19:38',	'2024-11-04 14:19:38'),
(108,	'App\\Models\\Quiz',	118,	NULL,	NULL,	NULL,	NULL,	NULL,	NULL,	'2024-11-04 14:25:10',	'2024-11-04 14:25:10'),
(109,	'App\\Models\\Quiz',	119,	NULL,	NULL,	NULL,	NULL,	NULL,	NULL,	'2024-11-08 06:14:21',	'2024-11-08 06:14:21'),
(110,	'App\\Models\\Quiz',	120,	NULL,	NULL,	NULL,	NULL,	NULL,	NULL,	'2024-11-08 08:47:58',	'2024-11-08 08:47:58'),
(111,	'App\\Models\\Quiz',	121,	NULL,	NULL,	NULL,	NULL,	NULL,	NULL,	'2024-11-12 07:22:22',	'2024-11-12 07:22:22'),
(112,	'App\\Models\\Quiz',	122,	NULL,	NULL,	NULL,	NULL,	NULL,	NULL,	'2024-11-12 07:29:15',	'2024-11-12 07:29:15'),
(113,	'App\\Models\\Quiz',	123,	NULL,	NULL,	NULL,	NULL,	NULL,	NULL,	'2024-11-17 12:16:33',	'2024-11-17 12:16:33'),
(114,	'App\\Models\\Quiz',	124,	NULL,	NULL,	NULL,	NULL,	NULL,	NULL,	'2024-11-17 13:05:16',	'2024-11-17 13:05:16'),
(115,	'App\\Models\\Quiz',	125,	NULL,	NULL,	NULL,	NULL,	NULL,	NULL,	'2024-11-17 13:19:37',	'2024-11-17 13:19:37'),
(116,	'App\\Models\\Quiz',	126,	NULL,	NULL,	NULL,	NULL,	NULL,	NULL,	'2024-11-17 13:30:20',	'2024-11-17 13:30:20'),
(117,	'App\\Models\\Quiz',	127,	NULL,	NULL,	NULL,	NULL,	NULL,	NULL,	'2024-11-17 13:32:35',	'2024-11-17 13:32:35'),
(118,	'App\\Models\\Quiz',	128,	NULL,	NULL,	NULL,	NULL,	NULL,	NULL,	'2024-11-17 13:34:50',	'2024-11-17 13:34:50'),
(119,	'App\\Models\\Quiz',	129,	NULL,	NULL,	NULL,	NULL,	NULL,	NULL,	'2024-11-17 13:41:27',	'2024-11-17 13:41:27'),
(120,	'App\\Models\\Quiz',	130,	NULL,	NULL,	NULL,	NULL,	NULL,	NULL,	'2024-11-17 13:45:38',	'2024-11-17 13:45:38'),
(121,	'App\\Models\\Quiz',	131,	NULL,	NULL,	NULL,	NULL,	NULL,	NULL,	'2025-03-16 09:17:42',	'2025-03-16 09:17:42'),
(122,	'App\\Models\\Blog',	1,	NULL,	NULL,	NULL,	NULL,	NULL,	NULL,	'2025-03-21 01:50:16',	'2025-03-21 01:50:16'),
(123,	'App\\Models\\Blog',	2,	NULL,	NULL,	NULL,	NULL,	NULL,	NULL,	'2025-03-25 07:28:18',	'2025-03-25 07:28:18'),
(124,	'App\\Models\\Blog',	3,	NULL,	NULL,	NULL,	NULL,	NULL,	NULL,	'2025-03-25 07:57:37',	'2025-03-25 07:57:37'),
(125,	'App\\Models\\Blog',	1,	NULL,	NULL,	NULL,	NULL,	NULL,	NULL,	'2025-03-26 18:55:50',	'2025-03-26 18:55:50'),
(126,	'App\\Models\\Blog',	2,	NULL,	NULL,	NULL,	NULL,	NULL,	NULL,	'2025-03-26 19:07:17',	'2025-03-26 19:07:17'),
(127,	'App\\Models\\Blog',	3,	NULL,	NULL,	NULL,	NULL,	NULL,	NULL,	'2025-03-26 19:43:40',	'2025-03-26 19:43:40'),
(128,	'App\\Models\\Blog',	4,	NULL,	NULL,	NULL,	NULL,	NULL,	NULL,	'2025-03-26 20:12:57',	'2025-03-26 20:12:57'),
(129,	'App\\Models\\Blog',	1,	NULL,	NULL,	NULL,	NULL,	NULL,	NULL,	'2025-03-27 04:28:50',	'2025-03-27 04:28:50'),
(130,	'App\\Models\\Blog',	2,	NULL,	NULL,	NULL,	NULL,	NULL,	NULL,	'2025-03-28 01:15:20',	'2025-03-28 01:15:20'),
(131,	'App\\Models\\Blog',	3,	NULL,	NULL,	NULL,	NULL,	NULL,	NULL,	'2025-03-28 01:32:52',	'2025-03-28 01:32:52'),
(132,	'App\\Models\\BlogComment',	1,	NULL,	NULL,	NULL,	NULL,	NULL,	NULL,	'2025-04-03 21:08:32',	'2025-04-03 21:08:32'),
(133,	'App\\Models\\BlogComment',	2,	NULL,	NULL,	NULL,	NULL,	NULL,	NULL,	'2025-04-03 21:19:22',	'2025-04-03 21:19:22'),
(134,	'App\\Models\\BlogComment',	3,	NULL,	NULL,	NULL,	NULL,	NULL,	NULL,	'2025-04-03 21:28:12',	'2025-04-03 21:28:12'),
(135,	'App\\Models\\BlogComment',	4,	NULL,	NULL,	NULL,	NULL,	NULL,	NULL,	'2025-04-03 21:29:41',	'2025-04-03 21:29:41'),
(136,	'App\\Models\\BlogComment',	5,	NULL,	NULL,	NULL,	NULL,	NULL,	NULL,	'2025-04-03 21:53:54',	'2025-04-03 21:53:54'),
(137,	'App\\Models\\BlogComment',	6,	NULL,	NULL,	NULL,	NULL,	NULL,	NULL,	'2025-04-03 21:56:00',	'2025-04-03 21:56:00'),
(138,	'App\\Models\\BlogComment',	7,	NULL,	NULL,	NULL,	NULL,	NULL,	NULL,	'2025-04-03 22:01:55',	'2025-04-03 22:01:55'),
(139,	'App\\Models\\BlogComment',	8,	NULL,	NULL,	NULL,	NULL,	NULL,	NULL,	'2025-04-03 22:12:10',	'2025-04-03 22:12:10'),
(140,	'App\\Models\\BlogComment',	9,	NULL,	NULL,	NULL,	NULL,	NULL,	NULL,	'2025-04-22 15:35:32',	'2025-04-22 15:35:32'),
(141,	'App\\Models\\BlogComment',	10,	NULL,	NULL,	NULL,	NULL,	NULL,	NULL,	'2025-04-24 01:29:52',	'2025-04-24 01:29:52'),
(142,	'App\\Models\\BlogComment',	11,	NULL,	NULL,	NULL,	NULL,	NULL,	NULL,	'2025-04-24 01:44:12',	'2025-04-24 01:44:12'),
(143,	'App\\Models\\BlogComment',	12,	NULL,	NULL,	NULL,	NULL,	NULL,	NULL,	'2025-04-24 02:06:24',	'2025-04-24 02:06:24');

DROP TABLE IF EXISTS `seos`;
CREATE TABLE `seos` (
  `id` bigint unsigned NOT NULL AUTO_INCREMENT,
  `title` varchar(255) CHARACTER SET utf8mb4 COLLATE utf8mb4_unicode_ci DEFAULT NULL,
  `description` text CHARACTER SET utf8mb4 COLLATE utf8mb4_unicode_ci,
  `image` varchar(255) CHARACTER SET utf8mb4 COLLATE utf8mb4_unicode_ci DEFAULT NULL,
  `author` varchar(255) CHARACTER SET utf8mb4 COLLATE utf8mb4_unicode_ci DEFAULT NULL,
  `robots` varchar(255) CHARACTER SET utf8mb4 COLLATE utf8mb4_unicode_ci DEFAULT NULL,
  `url` varchar(255) CHARACTER SET utf8mb4 COLLATE utf8mb4_unicode_ci DEFAULT NULL,
  `page` varchar(255) CHARACTER SET utf8mb4 COLLATE utf8mb4_unicode_ci DEFAULT NULL,
  `created_at` timestamp NULL DEFAULT NULL,
  `updated_at` timestamp NULL DEFAULT NULL,
  `keywords` text CHARACTER SET utf8mb4 COLLATE utf8mb4_unicode_ci,
  `application_name` varchar(255) CHARACTER SET utf8mb4 COLLATE utf8mb4_unicode_ci DEFAULT NULL,
  `generator` varchar(255) CHARACTER SET utf8mb4 COLLATE utf8mb4_unicode_ci DEFAULT NULL,
  PRIMARY KEY (`id`)
) ENGINE=InnoDB DEFAULT CHARSET=utf8mb4 COLLATE=utf8mb4_unicode_ci;

INSERT INTO `seos` (`id`, `title`, `description`, `image`, `author`, `robots`, `url`, `page`, `created_at`, `updated_at`, `keywords`, `application_name`, `generator`) VALUES
(3,	'Bible Quizzes',	'Downloadable Bible Quizzes',	'',	'Virgil Rosalita',	'index, follow',	'https://bibleprudence.com',	'Quiz',	'2024-09-18 00:20:21',	'2024-10-04 23:29:23',	'Quiz, Bible, Games, Bible Quizzes, Bible Games, Interactive Games',	'Bible Prudence',	'Laravel Livewire 3.0'),
(5,	'Bible Scavengers',	'Downloadable Bible Scavenger',	'',	'Virgil Rosalita',	'index, follow',	'https://bibleprudence.com/bible-scavenger',	'Scavenger',	'2024-09-19 19:32:01',	'2025-03-06 08:18:46',	'Scavenger, Bible, Games, Bible Scavengers, Bible Games, Interactive Games',	'Bible Prudence',	'Laravel Livewire 3.0'),
(6,	'Bible Math',	'Downloadable Bible Math',	'',	'Virgil Rosalita',	'index, follow',	'https://bibleprudence.com/bible-math',	'Math',	'2025-03-06 08:23:02',	'2025-03-06 08:23:02',	'Math, Mathematics, Bible, Games, Bible Math, Bible Mathematics, Bible Games, Interactive Games',	'Bible Prudence',	'Laravel Livewire 3.0'),
(7,	'Bible Blogs',	'Bible Blogs',	'',	'Virgil Rosalita',	'index, follow',	'https://bibleprudence.com/blog',	'Blog',	'2025-03-25 22:13:09',	'2025-03-25 22:13:09',	'Blog, Blogs, Bible Blog, Bible Blogs, Bible Games Blogs',	'Bible Prudence',	'Laravel Livewire 3.0');

DROP TABLE IF EXISTS `subpoints`;
CREATE TABLE `subpoints` (
  `id` bigint unsigned NOT NULL AUTO_INCREMENT,
  `sub` varchar(255) CHARACTER SET utf8mb4 COLLATE utf8mb4_unicode_ci DEFAULT NULL,
  `verse` varchar(255) CHARACTER SET utf8mb4 COLLATE utf8mb4_unicode_ci DEFAULT NULL,
  `point_id` bigint unsigned NOT NULL,
  `created_at` timestamp NULL DEFAULT NULL,
  `updated_at` timestamp NULL DEFAULT NULL,
  `body` text CHARACTER SET utf8mb4 COLLATE utf8mb4_unicode_ci,
  PRIMARY KEY (`id`),
  KEY `subpoints_point_id_foreign` (`point_id`),
  CONSTRAINT `subpoints_point_id_foreign` FOREIGN KEY (`point_id`) REFERENCES `points` (`id`) ON DELETE CASCADE
) ENGINE=InnoDB DEFAULT CHARSET=utf8mb4 COLLATE=utf8mb4_unicode_ci;

INSERT INTO `subpoints` (`id`, `sub`, `verse`, `point_id`, `created_at`, `updated_at`, `body`) VALUES
(3,	'Faithful even the death by the cross',	'Romans 5:8, John 3:16',	3,	'2024-09-28 13:44:33',	'2024-09-28 13:44:33',	'We are so loved by our God and He will do everything even the death of His only begotten Son to show us His love and faithfulness to us'),
(4,	'Doing what we believe according to God\'s word is what faithfulness is',	'Romans 4:4-5',	4,	'2024-09-28 13:56:14',	'2024-09-28 13:56:14',	'- We are not speaking salvation in here but we are speaking righteousness in the sight of our God\n- Being faithful is following what God wants. Not ours.'),
(5,	'God can heal any sickness we have',	'Matthew 9:22, Mark 10:52, Luke 17:19',	5,	'2024-09-28 14:08:01',	'2024-09-28 14:08:01',	'- It\'s very hard to depend upon ourselves especially when we or one member of our family is in sickness and pain  '),
(6,	'Don\'t trust anyone including yourself',	'Jer. 17:5-8',	18,	'2025-02-21 06:43:30',	'2025-02-21 07:53:43',	'\"Jer 17:5  Thus saith the LORD; Cursed be the man that trusteth in man, and maketh flesh his arm, and whose heart departeth from the LORD. \nJer 17:6  For he shall be like the heath in the desert, and shall not see when good cometh; but shall inhabit the parched places in the wilderness, in a salt land and not inhabited. \nJer 17:7  Blessed is the man that trusteth in the LORD, and whose hope the LORD is. \nJer 17:8  For he shall be as a tree planted by the waters, and that spreadeth out her roots by the river, and shall not see when heat cometh, but her leaf shall be green; and shall not be careful in the year of drought, neither shall cease from yielding fruit.\"\n\nBlessings and curse depends on whom you trust or believe.'),
(7,	'God\'s ways and thoughts are too far from your ways and thoughts for your life',	'Isa. 55:8-9',	19,	'2025-02-21 06:59:40',	'2025-02-21 07:54:39',	'\"Isa 55:8  For my thoughts are not your thoughts, neither are your ways my ways, saith the LORD. \nIsa 55:9  For as the heavens are higher than the earth, so are my ways higher than your ways, and my thoughts than your thoughts.\"\n\nDon\'t ever think that you are wise enough to know everything about God\'s plan for your life even if you have achievement many accomplishments in this temporary world.'),
(8,	'Man\'s ways lead to a cursed life',	'Jer. 17:5-6',	19,	'2025-02-21 07:21:23',	'2025-02-21 07:55:24',	'\"Jer 17:5  Thus saith the LORD; Cursed be the man that trusteth in man, and maketh flesh his arm, and whose heart departeth from the LORD. \nJer 17:6  For he shall be like the heath in the desert, and shall not see when good cometh; but shall inhabit the parched places in the wilderness, in a salt land and not inhabited.\"\n\nMost of man\'s ways are right in his own eyes according to proverbs 21:2, 12:15');

DROP TABLE IF EXISTS `targets`;
CREATE TABLE `targets` (
  `id` bigint unsigned NOT NULL AUTO_INCREMENT,
  `option` varchar(255) CHARACTER SET utf8mb4 COLLATE utf8mb4_unicode_ci NOT NULL,
  `scavenger_id` bigint unsigned NOT NULL,
  `created_at` timestamp NULL DEFAULT NULL,
  `updated_at` timestamp NULL DEFAULT NULL,
  PRIMARY KEY (`id`),
  KEY `targets_scavenger_id_foreign` (`scavenger_id`),
  CONSTRAINT `targets_scavenger_id_foreign` FOREIGN KEY (`scavenger_id`) REFERENCES `scavengers` (`id`) ON DELETE CASCADE
) ENGINE=InnoDB DEFAULT CHARSET=utf8mb4 COLLATE=utf8mb4_unicode_ci;

INSERT INTO `targets` (`id`, `option`, `scavenger_id`, `created_at`, `updated_at`) VALUES
(1,	'Cross',	3,	'2024-09-18 20:23:25',	'2024-09-18 20:23:25'),
(2,	'Rock',	3,	'2024-09-18 20:36:20',	'2024-09-18 20:36:20'),
(3,	'Water',	3,	'2024-09-18 20:36:50',	'2024-09-18 21:16:21'),
(4,	'Wood',	3,	'2024-09-18 20:37:05',	'2024-09-18 20:37:05'),
(5,	'Paper',	1,	'2024-09-18 20:38:39',	'2024-09-18 20:38:39'),
(6,	'Stone',	1,	'2024-09-18 20:38:53',	'2024-09-18 20:38:53'),
(7,	'Steel',	1,	'2024-09-18 20:58:07',	'2024-09-18 20:58:07'),
(9,	'Soil',	1,	'2024-09-18 21:21:12',	'2024-09-18 21:21:12'),
(10,	'Diamonds',	7,	'2024-09-19 04:28:08',	'2024-09-19 04:28:08'),
(11,	'Rubies',	7,	'2024-09-19 04:28:26',	'2024-09-19 04:28:26'),
(12,	'Silvers',	7,	'2024-09-19 04:28:39',	'2024-09-19 04:28:39'),
(13,	'Pearls',	7,	'2024-09-19 04:28:49',	'2024-09-19 04:28:49'),
(14,	'Glass',	6,	'2024-09-19 04:29:42',	'2024-09-19 04:29:42'),
(15,	'River',	6,	'2024-09-19 04:30:15',	'2024-09-19 04:30:15'),
(16,	'Word',	6,	'2024-09-19 04:30:32',	'2024-09-19 04:30:32'),
(17,	'Rock',	6,	'2024-09-19 04:31:37',	'2024-09-19 04:31:37'),
(18,	'Ladder',	4,	'2024-09-19 04:33:17',	'2024-09-19 04:33:17'),
(19,	'Saw',	4,	'2024-09-19 04:33:53',	'2024-09-19 04:33:53'),
(20,	'Paper',	4,	'2024-09-19 04:34:38',	'2024-09-19 04:34:38'),
(21,	'Hand',	4,	'2024-09-19 04:34:52',	'2024-09-19 04:34:52'),
(22,	'Pen',	5,	'2024-09-19 04:36:03',	'2024-09-19 04:36:03'),
(23,	'Ink',	5,	'2024-09-19 04:36:12',	'2024-09-19 04:36:12'),
(24,	'Paint',	5,	'2024-09-19 04:39:52',	'2024-09-19 04:39:52'),
(25,	'Brush',	5,	'2024-09-19 04:40:01',	'2024-09-19 04:40:01'),
(26,	'Fire',	8,	'2024-09-19 05:06:14',	'2024-09-19 05:06:14'),
(27,	'Hood',	8,	'2024-09-19 05:07:49',	'2024-09-19 05:07:49'),
(28,	'Land',	8,	'2024-09-19 05:08:56',	'2024-09-19 05:08:56'),
(29,	'Grass',	8,	'2024-09-19 05:09:18',	'2024-09-19 05:09:18'),
(30,	'Pitcher',	9,	'2024-09-24 16:39:36',	'2024-09-24 16:39:36'),
(31,	'Lamp',	9,	'2024-09-24 16:40:24',	'2024-09-24 16:40:24'),
(32,	'Sandals',	9,	'2024-09-24 16:40:47',	'2024-09-24 16:40:47'),
(33,	'Bag',	9,	'2024-09-24 16:41:45',	'2024-09-24 16:41:45'),
(34,	'Manna',	10,	'2024-09-24 16:43:27',	'2024-09-24 16:43:27'),
(35,	'Oil',	10,	'2024-09-24 16:43:40',	'2024-09-24 16:43:40'),
(36,	'Sling',	10,	'2024-09-24 16:44:01',	'2024-09-24 16:44:01'),
(37,	'Armour',	10,	'2024-09-24 16:44:37',	'2024-09-24 16:44:37'),
(38,	'Plant',	11,	'2024-09-24 16:46:38',	'2024-09-24 16:46:38'),
(39,	'Soil',	11,	'2024-09-24 16:46:52',	'2024-09-24 16:46:52'),
(40,	'Land',	11,	'2024-09-24 16:47:00',	'2024-09-24 16:47:00'),
(41,	'Table',	11,	'2024-09-24 16:47:13',	'2024-09-24 16:47:13'),
(42,	'Chair',	12,	'2024-09-24 16:48:55',	'2024-09-24 16:48:55'),
(43,	'Table',	12,	'2024-09-24 16:49:06',	'2024-09-24 16:49:06'),
(44,	'Ball',	12,	'2024-09-24 16:49:15',	'2024-09-24 16:49:15'),
(45,	'Head',	12,	'2024-09-24 16:49:32',	'2024-09-24 16:49:32'),
(46,	'Spoon',	13,	'2024-09-28 03:01:13',	'2024-09-28 03:01:13'),
(47,	'Fork',	13,	'2024-09-28 03:01:22',	'2024-09-28 03:01:22'),
(48,	'Plate',	13,	'2024-09-28 03:01:32',	'2024-09-28 03:01:32'),
(49,	'Glass',	13,	'2024-09-28 03:01:43',	'2024-09-28 03:01:43'),
(50,	'Pen',	14,	'2024-09-28 03:05:45',	'2024-09-28 03:05:45'),
(51,	'Scissor',	14,	'2024-09-28 03:06:09',	'2024-09-28 03:06:09'),
(52,	'Bag',	14,	'2024-09-28 03:06:20',	'2024-09-28 03:06:20'),
(53,	'Pouch',	14,	'2024-09-28 03:06:27',	'2024-09-28 03:06:27'),
(54,	'Body',	15,	'2024-09-28 03:31:25',	'2024-09-28 03:31:25'),
(55,	'Head',	15,	'2024-09-28 03:31:33',	'2024-09-28 03:31:33'),
(56,	'Mouth',	15,	'2024-09-28 03:31:51',	'2024-09-28 03:31:51'),
(57,	'Nose',	15,	'2024-09-28 03:32:00',	'2024-09-28 03:32:00'),
(58,	'Man',	16,	'2024-09-28 11:19:57',	'2024-09-28 11:19:57'),
(59,	'Lady',	16,	'2024-09-28 11:20:05',	'2024-09-28 11:20:05'),
(60,	'Woman',	16,	'2024-09-28 11:20:52',	'2024-09-28 11:20:52'),
(61,	'Guy',	16,	'2024-09-28 11:21:04',	'2024-09-28 11:21:04'),
(62,	'Feet',	17,	'2024-09-28 11:33:52',	'2024-09-28 11:33:52'),
(63,	'Hands',	17,	'2024-09-28 11:33:59',	'2024-09-28 11:33:59'),
(64,	'Eyes',	17,	'2024-09-28 11:34:07',	'2024-09-28 11:34:07'),
(65,	'Mouth',	17,	'2024-09-28 11:34:18',	'2024-09-28 11:34:18'),
(66,	'Chicken',	18,	'2024-09-28 11:37:09',	'2024-09-28 11:37:09'),
(67,	'Food',	18,	'2024-09-28 11:37:16',	'2024-09-28 11:37:16'),
(68,	'Drinks',	18,	'2024-09-28 11:37:30',	'2024-09-28 11:37:30'),
(69,	'Beverage',	18,	'2024-09-28 11:37:47',	'2024-09-28 11:37:47'),
(70,	'Husband',	19,	'2024-09-28 11:40:12',	'2024-09-28 11:40:12'),
(71,	'Wife',	19,	'2024-09-28 11:40:21',	'2024-09-28 11:40:21'),
(72,	'Friend',	19,	'2024-09-28 11:40:35',	'2024-09-28 11:40:35'),
(73,	'Brother',	19,	'2024-09-28 11:40:42',	'2024-09-28 11:40:42'),
(74,	'Dress',	20,	'2024-09-28 11:42:50',	'2024-09-28 11:42:50'),
(75,	'Leaves',	20,	'2024-09-28 11:43:02',	'2024-09-28 11:43:02'),
(76,	'Aprons',	20,	'2024-09-28 11:43:09',	'2024-09-28 11:43:09'),
(77,	'Shoes',	20,	'2024-09-28 11:43:18',	'2024-09-28 11:43:18'),
(78,	'Branch',	21,	'2024-09-28 11:45:20',	'2024-09-28 11:45:20'),
(79,	'Root',	21,	'2024-09-28 11:45:54',	'2024-09-28 11:45:54'),
(80,	'Vine',	21,	'2024-09-28 11:46:10',	'2024-09-28 11:46:10'),
(81,	'Leaves',	21,	'2024-09-28 11:46:31',	'2024-09-28 11:46:31'),
(82,	'Television',	22,	'2024-09-28 11:50:51',	'2024-09-28 11:50:51'),
(83,	'Time',	22,	'2024-09-28 11:51:01',	'2024-09-28 11:51:01'),
(84,	'Radio',	22,	'2024-09-28 11:51:26',	'2024-09-28 11:51:26'),
(85,	'Season',	22,	'2024-09-28 11:51:58',	'2024-09-28 11:51:58'),
(86,	'Water',	23,	'2024-09-28 11:55:01',	'2024-09-28 11:55:01'),
(87,	'Wood',	23,	'2024-09-28 11:55:11',	'2024-09-28 11:55:11'),
(88,	'Steel',	23,	'2024-09-28 11:55:23',	'2024-09-28 11:55:23'),
(90,	'Earth',	23,	'2024-09-28 11:55:55',	'2024-09-28 11:55:55'),
(91,	'Sister',	24,	'2024-09-28 12:00:23',	'2024-09-28 12:00:23'),
(92,	'Father',	24,	'2024-09-28 12:00:36',	'2024-09-28 12:00:36'),
(93,	'Mother',	24,	'2024-09-28 12:00:43',	'2024-09-28 12:00:43'),
(94,	'Brother',	24,	'2024-09-28 12:00:50',	'2024-09-28 12:00:50'),
(95,	'Voice',	25,	'2024-09-28 12:01:52',	'2024-09-28 12:01:52'),
(96,	'Sound',	25,	'2024-09-28 12:02:46',	'2024-09-28 12:02:46'),
(97,	'Music',	25,	'2024-09-28 12:02:56',	'2024-09-28 12:02:56'),
(98,	'Song',	25,	'2024-09-28 12:03:04',	'2024-09-28 12:03:04'),
(99,	'Paper',	26,	'2024-09-28 12:08:52',	'2024-09-28 12:08:52'),
(100,	'Pen',	26,	'2024-09-28 12:09:01',	'2024-09-28 12:09:01'),
(101,	'Book',	26,	'2024-09-28 12:09:09',	'2024-09-28 12:09:09'),
(102,	'Folder',	26,	'2024-09-28 12:09:28',	'2024-09-28 12:09:28'),
(103,	'Belly',	27,	'2024-09-30 05:42:29',	'2024-09-30 05:42:29'),
(104,	'Feet',	27,	'2024-09-30 05:42:39',	'2024-09-30 05:42:39'),
(105,	'Head',	27,	'2024-09-30 05:43:10',	'2024-09-30 05:43:10'),
(106,	'Hand',	27,	'2024-09-30 05:43:17',	'2024-09-30 05:43:17'),
(107,	'Parchment',	28,	'2024-09-30 05:46:00',	'2024-09-30 05:46:00'),
(108,	'Books',	28,	'2024-09-30 05:46:07',	'2024-09-30 05:46:07'),
(109,	'Clothes',	28,	'2024-09-30 05:47:18',	'2024-09-30 05:47:18'),
(110,	'Shoes',	28,	'2024-09-30 05:47:35',	'2024-09-30 05:47:35'),
(111,	'Ears',	29,	'2024-09-30 05:51:08',	'2024-09-30 05:51:08'),
(112,	'Legs',	29,	'2024-09-30 05:51:20',	'2024-09-30 05:51:20'),
(113,	'Faces',	29,	'2024-09-30 05:51:35',	'2024-09-30 05:51:35'),
(114,	'Bodies',	29,	'2024-09-30 05:52:08',	'2024-09-30 05:52:08'),
(115,	'Skin',	30,	'2024-09-30 11:30:13',	'2024-09-30 11:30:13'),
(116,	'Face',	30,	'2024-09-30 11:30:21',	'2024-09-30 11:30:21'),
(117,	'Knee',	30,	'2024-09-30 11:30:49',	'2024-09-30 11:30:49'),
(118,	'Hair',	30,	'2024-09-30 11:31:01',	'2024-09-30 11:31:01'),
(119,	'Dance',	31,	'2024-09-30 11:45:30',	'2024-09-30 11:45:30'),
(120,	'Sing',	31,	'2024-09-30 11:45:43',	'2024-09-30 11:45:43'),
(121,	'Pray',	31,	'2024-09-30 11:45:51',	'2024-09-30 11:45:51'),
(122,	'Jump',	31,	'2024-09-30 11:46:01',	'2024-09-30 11:46:01'),
(123,	'Waste',	32,	'2024-09-30 12:36:06',	'2024-09-30 12:36:06'),
(124,	'Garbage',	32,	'2024-09-30 12:36:24',	'2024-09-30 12:36:24'),
(125,	'Spoon',	32,	'2024-09-30 12:36:55',	'2024-09-30 12:36:55'),
(126,	'Plate',	32,	'2024-09-30 12:37:01',	'2024-09-30 12:37:01'),
(127,	'Teeth',	33,	'2024-10-01 00:07:07',	'2024-10-01 00:07:07'),
(128,	'Mouth',	33,	'2024-10-01 00:07:14',	'2024-10-01 00:07:14'),
(129,	'Breast',	33,	'2024-10-01 00:07:27',	'2024-10-01 00:07:27'),
(130,	'Ear',	33,	'2024-10-01 00:07:39',	'2024-10-01 00:07:39'),
(131,	'Lady',	34,	'2024-10-01 00:22:26',	'2024-10-01 00:22:26'),
(132,	'Men',	34,	'2024-10-01 00:22:34',	'2024-10-01 00:22:34'),
(133,	'Woman',	34,	'2024-10-01 00:22:43',	'2024-10-01 00:22:43'),
(134,	'Senior',	34,	'2024-10-01 00:23:00',	'2024-10-01 00:23:00'),
(135,	'Men',	35,	'2024-10-02 08:36:01',	'2024-10-02 08:36:01'),
(136,	'Women',	35,	'2024-10-02 08:36:11',	'2024-10-02 08:36:11'),
(137,	'Children',	35,	'2024-10-02 08:36:30',	'2024-10-02 08:36:30'),
(138,	'Guys',	35,	'2024-10-02 08:36:41',	'2024-10-02 08:36:41'),
(139,	'Bars',	36,	'2024-10-02 08:38:40',	'2024-10-02 08:38:40'),
(140,	'Tents',	36,	'2024-10-02 08:38:49',	'2024-10-02 08:38:49'),
(141,	'Tabernacle',	36,	'2024-10-02 08:38:59',	'2024-10-02 08:38:59'),
(142,	'House',	36,	'2024-10-02 08:39:07',	'2024-10-02 08:39:07'),
(143,	'Silk',	37,	'2024-10-02 13:12:30',	'2024-10-02 13:12:30'),
(144,	'Clothes',	37,	'2024-10-02 13:12:39',	'2024-10-02 13:12:39'),
(145,	'Flags',	37,	'2024-10-02 13:12:49',	'2024-10-02 13:12:49'),
(146,	'Shoes',	37,	'2024-10-02 13:13:02',	'2024-10-02 13:13:02'),
(147,	'Poor',	38,	'2024-10-04 09:54:09',	'2024-10-04 09:54:09'),
(148,	'Heavy',	38,	'2024-10-04 09:54:25',	'2024-10-04 09:54:25'),
(149,	'Rich',	38,	'2024-10-04 09:54:38',	'2024-10-04 09:54:38'),
(150,	'Fan',	38,	'2024-10-04 09:55:01',	'2024-10-04 09:55:01'),
(151,	'Plant',	39,	'2024-10-04 09:57:07',	'2024-10-04 09:57:07'),
(152,	'Tree',	39,	'2024-10-04 09:57:19',	'2024-10-04 09:57:19'),
(153,	'Flower',	39,	'2024-10-04 09:57:30',	'2024-10-04 09:57:30'),
(154,	'Mushroom',	39,	'2024-10-04 09:57:47',	'2024-10-04 09:57:47'),
(155,	'Heart',	40,	'2024-10-04 10:05:54',	'2024-10-04 10:05:54'),
(156,	'Mind',	40,	'2024-10-04 10:06:02',	'2024-10-04 10:06:02'),
(157,	'Head',	40,	'2024-10-04 10:06:16',	'2024-10-04 10:06:16'),
(158,	'Body',	40,	'2024-10-04 10:06:26',	'2024-10-04 10:06:26'),
(159,	'Feet',	41,	'2024-10-04 10:07:53',	'2024-10-04 10:07:53'),
(160,	'Body',	41,	'2024-10-04 10:08:04',	'2024-10-04 10:08:04'),
(161,	'Head',	41,	'2024-10-04 10:08:48',	'2024-10-04 10:08:48'),
(162,	'Ear',	41,	'2024-10-04 10:08:55',	'2024-10-04 10:08:55'),
(163,	'Mouths',	42,	'2024-10-04 23:14:47',	'2024-10-04 23:14:47'),
(164,	'Tongues',	42,	'2024-10-04 23:14:59',	'2024-10-04 23:14:59'),
(165,	'Lips',	42,	'2024-10-04 23:15:07',	'2024-10-04 23:15:07'),
(166,	'Knees',	42,	'2024-10-04 23:15:19',	'2024-10-04 23:15:19'),
(167,	'Cup',	43,	'2024-10-04 23:18:25',	'2024-10-04 23:18:25'),
(168,	'Glass',	43,	'2024-10-04 23:18:36',	'2024-10-04 23:18:36'),
(169,	'Plate',	43,	'2024-10-04 23:18:46',	'2024-10-04 23:18:46'),
(170,	'Spoon',	43,	'2024-10-04 23:18:53',	'2024-10-04 23:18:53'),
(171,	'Smile',	44,	'2024-10-04 23:20:12',	'2024-10-04 23:20:12'),
(172,	'Hug',	44,	'2024-10-04 23:20:21',	'2024-10-04 23:20:21'),
(173,	'Kiss',	44,	'2024-10-04 23:20:40',	'2024-10-04 23:20:40'),
(174,	'Laugh',	44,	'2024-10-04 23:21:17',	'2024-10-04 23:21:17'),
(175,	'Eyes',	45,	'2024-10-04 23:32:40',	'2024-10-04 23:32:40'),
(176,	'Hands',	45,	'2024-10-04 23:32:49',	'2024-10-04 23:32:49'),
(177,	'Head',	45,	'2024-10-04 23:33:05',	'2024-10-04 23:33:05'),
(178,	'Ears',	45,	'2024-10-04 23:33:14',	'2024-10-04 23:33:14'),
(179,	'Hands',	46,	'2024-10-05 00:24:03',	'2024-10-05 00:24:03'),
(180,	'Heart',	46,	'2024-10-05 00:24:16',	'2024-10-05 00:24:16'),
(181,	'Head',	46,	'2024-10-05 00:24:23',	'2024-10-05 00:24:23'),
(182,	'Knees',	46,	'2024-10-05 00:24:40',	'2024-10-05 00:24:40'),
(183,	'Foot',	47,	'2024-10-05 00:28:01',	'2024-10-05 00:28:01'),
(184,	'Feet',	47,	'2024-10-05 00:28:17',	'2024-10-05 00:28:17'),
(185,	'Hand',	47,	'2024-10-05 00:28:28',	'2024-10-05 00:28:28'),
(186,	'Hands',	47,	'2024-10-05 00:28:38',	'2024-10-05 00:28:38'),
(187,	'Bags',	48,	'2024-10-05 00:31:04',	'2024-10-05 00:31:04'),
(188,	'Parchment',	48,	'2024-10-05 00:31:19',	'2024-10-05 00:31:19'),
(189,	'Shoes',	48,	'2024-10-05 00:31:30',	'2024-10-05 00:31:30'),
(190,	'Jars',	48,	'2024-10-05 00:31:49',	'2024-10-05 00:31:49'),
(191,	'Drums',	49,	'2024-10-05 00:34:22',	'2024-10-05 00:34:22'),
(192,	'Bottles',	49,	'2024-10-05 00:34:36',	'2024-10-05 00:34:36'),
(193,	'Jars',	49,	'2024-10-05 00:35:47',	'2024-10-05 00:35:47'),
(194,	'Containers',	49,	'2024-10-05 00:36:16',	'2024-10-05 00:36:16'),
(195,	'Bread',	50,	'2024-10-05 00:39:18',	'2024-10-05 00:39:18'),
(196,	'Butter',	50,	'2024-10-05 00:39:27',	'2024-10-05 00:39:27'),
(197,	'Rice',	50,	'2024-10-05 00:39:35',	'2024-10-05 00:39:35'),
(198,	'Barley',	50,	'2024-10-05 00:39:50',	'2024-10-05 00:39:50'),
(199,	'Pants',	51,	'2024-10-05 00:41:26',	'2024-10-05 00:41:26'),
(200,	'Shoes',	51,	'2024-10-05 00:41:50',	'2024-10-05 00:41:50'),
(201,	'Shovel',	51,	'2024-10-05 00:42:04',	'2024-10-05 00:42:04'),
(202,	'Garment',	51,	'2024-10-05 00:42:26',	'2024-10-05 00:42:26'),
(203,	'Arm',	52,	'2024-10-05 00:50:14',	'2024-10-05 00:50:14'),
(204,	'Foot',	52,	'2024-10-05 00:50:26',	'2024-10-05 00:50:26'),
(205,	'Muscle',	52,	'2024-10-05 00:50:36',	'2024-10-05 00:50:36'),
(206,	'Mind',	52,	'2024-10-05 00:50:44',	'2024-10-05 00:50:44'),
(207,	'Toe',	53,	'2024-10-05 01:07:41',	'2024-10-05 01:07:41'),
(208,	'Arm',	53,	'2024-10-05 01:07:57',	'2024-10-05 01:07:57'),
(209,	'Face',	53,	'2024-10-05 01:08:06',	'2024-10-05 01:08:06'),
(210,	'Nose',	53,	'2024-10-05 01:08:17',	'2024-10-05 01:08:17'),
(211,	'Nose',	54,	'2024-10-05 01:15:47',	'2024-10-05 01:15:47'),
(212,	'Ear',	54,	'2024-10-05 01:15:59',	'2024-10-05 01:15:59'),
(213,	'Skin',	54,	'2024-10-05 01:16:08',	'2024-10-05 01:16:08'),
(214,	'Face',	54,	'2024-10-05 01:16:15',	'2024-10-05 01:16:15'),
(215,	'Bone',	55,	'2024-10-05 01:18:14',	'2024-10-05 01:18:14'),
(216,	'Ankle',	55,	'2024-10-05 01:18:34',	'2024-10-05 01:18:34'),
(217,	'Skin',	55,	'2024-10-05 01:18:44',	'2024-10-05 01:18:44'),
(218,	'Feet',	55,	'2024-10-05 01:19:06',	'2024-10-05 01:19:06'),
(219,	'Mouth',	56,	'2024-10-05 01:21:14',	'2024-10-05 01:21:14'),
(220,	'Lips',	56,	'2024-10-05 01:21:20',	'2024-10-05 01:21:20'),
(221,	'Legs',	56,	'2024-10-05 01:21:31',	'2024-10-05 01:21:31'),
(222,	'Breast',	56,	'2024-10-05 01:21:49',	'2024-10-05 01:21:49'),
(223,	'Comb',	57,	'2024-10-05 01:23:48',	'2024-10-05 01:23:48'),
(224,	'Bracelet',	57,	'2024-10-05 01:24:03',	'2024-10-05 01:24:03'),
(225,	'Headbands',	57,	'2024-10-05 01:24:17',	'2024-10-05 01:24:17'),
(226,	'Necklace',	57,	'2024-10-05 01:25:02',	'2024-10-05 01:25:02'),
(227,	'Tablets',	58,	'2024-10-05 01:27:00',	'2024-10-05 01:27:00'),
(228,	'Bonnets',	58,	'2024-10-05 01:27:13',	'2024-10-05 01:27:13'),
(229,	'Hut',	58,	'2024-10-05 01:27:37',	'2024-10-05 01:27:37'),
(230,	'Sling',	58,	'2024-10-05 01:29:01',	'2024-10-05 01:29:01'),
(231,	'Shirt',	59,	'2024-10-05 01:36:39',	'2024-10-05 01:36:39'),
(232,	'Coats',	59,	'2024-10-05 01:36:49',	'2024-10-05 01:36:49'),
(233,	'Shades',	59,	'2024-10-05 01:37:31',	'2024-10-05 01:37:31'),
(234,	'Pen',	59,	'2024-10-05 01:37:59',	'2024-10-05 01:37:59'),
(235,	'Tablets',	60,	'2024-10-05 01:41:07',	'2024-10-05 01:41:07'),
(236,	'Cellphones',	60,	'2024-10-05 01:41:19',	'2024-10-05 01:41:19'),
(237,	'Computers',	60,	'2024-10-05 01:41:38',	'2024-10-05 01:41:38'),
(238,	'Machines',	60,	'2024-10-05 01:41:55',	'2024-10-05 01:41:55'),
(239,	'Chains',	61,	'2024-10-05 01:44:33',	'2024-10-05 01:44:33'),
(240,	'Jewels',	61,	'2024-10-05 01:44:44',	'2024-10-05 01:44:44'),
(241,	'Bracelet',	61,	'2024-10-05 01:44:52',	'2024-10-05 01:44:52'),
(242,	'Earrings',	61,	'2024-10-05 01:45:03',	'2024-10-05 01:45:03'),
(243,	'Necklace',	62,	'2024-10-05 01:47:18',	'2024-10-05 01:47:18'),
(244,	'Jewels',	62,	'2024-10-05 01:47:28',	'2024-10-05 01:47:28'),
(245,	'Earrings',	63,	'2024-10-07 01:39:56',	'2024-10-07 01:39:56'),
(246,	'Headbands',	63,	'2024-10-07 01:40:11',	'2024-10-07 01:40:11'),
(247,	'Rake',	63,	'2024-10-07 01:40:25',	'2024-10-07 01:40:25'),
(248,	'Headdress',	63,	'2024-10-07 01:40:41',	'2024-10-07 01:40:41'),
(249,	'Gold',	62,	'2024-10-07 01:41:11',	'2024-10-07 01:41:11'),
(250,	'Silver',	62,	'2024-10-07 01:41:19',	'2024-10-07 01:41:19'),
(251,	'Ring',	64,	'2024-10-07 01:43:19',	'2024-10-07 01:43:19'),
(252,	'Ball',	64,	'2024-10-07 01:43:30',	'2024-10-07 01:43:30'),
(253,	'Net',	64,	'2024-10-07 01:43:35',	'2024-10-07 01:43:35'),
(254,	'Court',	64,	'2024-10-07 01:43:42',	'2024-10-07 01:43:42'),
(255,	'Daughters',	65,	'2024-10-20 08:51:09',	'2024-10-20 08:51:09'),
(256,	'Sons',	65,	'2024-10-20 08:51:21',	'2024-10-20 08:51:21'),
(257,	'Nephews',	65,	'2024-10-20 08:51:35',	'2024-10-20 08:51:35'),
(258,	'Elders',	65,	'2024-10-20 08:51:43',	'2024-10-20 08:51:43'),
(259,	'Mouth',	66,	'2024-10-20 08:53:39',	'2024-10-20 08:53:39'),
(260,	'Skin',	66,	'2024-10-20 08:53:50',	'2024-10-20 08:53:50'),
(261,	'Teeth',	66,	'2024-10-20 08:54:01',	'2024-10-20 08:54:01'),
(262,	'Legs',	66,	'2024-10-20 08:54:10',	'2024-10-20 08:54:10'),
(263,	'Bracelets',	67,	'2024-10-20 08:58:36',	'2024-10-20 08:58:36'),
(264,	'Earrings',	67,	'2024-10-20 08:58:49',	'2024-10-20 08:58:49'),
(265,	'Tablets',	67,	'2024-10-20 08:58:55',	'2024-10-20 08:58:55'),
(266,	'Rings',	67,	'2024-10-20 08:59:04',	'2024-10-20 08:59:04'),
(267,	'Chain',	68,	'2024-10-20 09:01:12',	'2024-10-20 09:01:12'),
(268,	'Rope',	68,	'2024-10-20 09:01:19',	'2024-10-20 09:01:19'),
(269,	'Helmet',	68,	'2024-10-20 09:01:45',	'2024-10-20 09:01:45'),
(270,	'Sword',	68,	'2024-10-20 09:01:54',	'2024-10-20 09:01:54'),
(271,	'Breastplate',	69,	'2024-10-20 09:03:22',	'2024-10-20 09:03:22'),
(272,	'Sword',	69,	'2024-10-20 09:03:30',	'2024-10-20 09:03:30'),
(273,	'Shield',	69,	'2024-10-20 09:03:52',	'2024-10-20 09:03:52'),
(274,	'Helmet',	69,	'2024-10-20 09:04:02',	'2024-10-20 09:04:02'),
(275,	'Helmet',	70,	'2024-10-20 09:07:49',	'2024-10-20 09:07:49'),
(276,	'Darts',	70,	'2024-10-20 09:07:59',	'2024-10-20 09:07:59'),
(277,	'Shield',	70,	'2024-10-20 09:08:13',	'2024-10-20 09:08:13'),
(278,	'Breastplate',	70,	'2024-10-20 09:08:36',	'2024-10-20 09:08:36'),
(279,	'Sword',	71,	'2024-10-20 09:10:11',	'2024-10-20 09:10:11'),
(280,	'Shield',	71,	'2024-10-20 09:10:20',	'2024-10-20 09:10:20'),
(281,	'Breastplate',	71,	'2024-10-20 09:10:30',	'2024-10-20 09:10:30'),
(282,	'Helmet',	71,	'2024-10-20 09:10:49',	'2024-10-20 09:10:49'),
(283,	'Mother',	72,	'2024-10-20 09:14:26',	'2024-10-20 09:14:26'),
(284,	'Father',	72,	'2024-10-20 09:14:35',	'2024-10-20 09:14:35'),
(285,	'Sister',	72,	'2024-10-20 09:15:32',	'2024-10-20 09:15:32'),
(286,	'Brother',	72,	'2024-10-20 09:15:41',	'2024-10-20 09:15:41'),
(287,	'Gold',	73,	'2024-10-21 12:44:48',	'2024-10-21 12:44:48'),
(288,	'Silver',	73,	'2024-10-21 12:45:02',	'2024-10-21 12:45:02'),
(289,	'Money',	73,	'2024-10-21 12:45:10',	'2024-10-21 12:45:10'),
(290,	'Bronze',	73,	'2024-10-21 12:45:19',	'2024-10-21 12:45:19'),
(291,	'Mother',	74,	'2024-10-21 12:46:44',	'2024-10-21 12:46:44'),
(292,	'Father',	74,	'2024-10-21 12:46:51',	'2024-10-21 12:46:51'),
(293,	'Brother',	74,	'2024-10-21 12:46:59',	'2024-10-21 12:46:59'),
(294,	'Sister',	74,	'2024-10-21 12:47:07',	'2024-10-21 12:47:07'),
(295,	'Brother',	75,	'2024-10-21 12:49:00',	'2024-10-21 12:49:00'),
(296,	'Sister',	75,	'2024-10-21 12:49:16',	'2024-10-21 12:49:16'),
(297,	'Mother',	75,	'2024-10-21 12:49:27',	'2024-10-21 12:49:27'),
(298,	'Father',	75,	'2024-10-21 12:49:37',	'2024-10-21 12:49:37'),
(299,	'Husband',	76,	'2024-10-21 12:59:29',	'2024-10-21 12:59:29'),
(300,	'Wife',	76,	'2024-10-21 12:59:37',	'2024-10-21 12:59:37'),
(301,	'Kinsman',	76,	'2024-10-21 12:59:55',	'2024-10-21 12:59:55'),
(302,	'Father',	76,	'2024-10-21 13:00:20',	'2024-10-21 13:00:20'),
(303,	'Preacher',	77,	'2024-10-21 13:15:57',	'2024-10-21 13:15:57'),
(304,	'Healer',	77,	'2024-10-21 13:16:07',	'2024-10-21 13:16:07'),
(305,	'Teacher',	77,	'2024-10-21 13:16:17',	'2024-10-21 13:16:17'),
(306,	'Speaker',	77,	'2024-10-21 13:16:39',	'2024-10-21 13:16:39'),
(307,	'Preacher',	78,	'2024-10-21 13:18:42',	'2024-10-21 13:18:42'),
(308,	'Teacher',	78,	'2024-10-21 13:18:50',	'2024-10-21 13:18:50'),
(309,	'Healer',	78,	'2024-10-21 13:19:06',	'2024-10-21 13:19:06'),
(310,	'Speaker',	78,	'2024-10-21 13:19:13',	'2024-10-21 13:19:13'),
(311,	'Hearer',	79,	'2024-10-21 13:20:57',	'2024-10-21 13:20:57'),
(312,	'Reader',	79,	'2024-10-21 13:21:06',	'2024-10-21 13:21:06'),
(313,	'Writer',	79,	'2024-10-21 13:21:15',	'2024-10-21 13:21:15'),
(314,	'Speaker',	79,	'2024-10-21 13:21:24',	'2024-10-21 13:21:24'),
(315,	'Hearer',	80,	'2024-10-21 13:23:03',	'2024-10-21 13:23:03'),
(316,	'Writer',	80,	'2024-10-21 13:23:12',	'2024-10-21 13:23:12'),
(317,	'Reader',	80,	'2024-10-21 13:23:17',	'2024-10-21 13:23:17'),
(318,	'Speaker',	80,	'2024-10-21 13:23:39',	'2024-10-21 13:23:39'),
(319,	'Deacon',	81,	'2024-10-21 13:25:14',	'2024-10-21 13:25:14'),
(320,	'Pastor',	81,	'2024-10-21 13:25:27',	'2024-10-21 13:25:27'),
(321,	'Evangelist',	81,	'2024-10-21 13:25:42',	'2024-10-21 13:25:42'),
(322,	'Giver',	81,	'2024-10-21 13:25:55',	'2024-10-21 13:25:55'),
(323,	'Pastor',	82,	'2024-10-21 13:27:21',	'2024-10-21 13:27:21'),
(324,	'Messenger',	82,	'2024-10-21 13:27:29',	'2024-10-21 13:27:29'),
(325,	'Preacher',	82,	'2024-10-21 13:28:24',	'2024-10-21 13:28:24'),
(326,	'Deacon',	82,	'2024-10-21 13:28:34',	'2024-10-21 13:28:34'),
(327,	'Fork',	83,	'2024-10-21 13:30:53',	'2024-10-21 13:30:53'),
(328,	'Spoon',	83,	'2024-10-21 13:31:00',	'2024-10-21 13:31:00'),
(329,	'Plate',	83,	'2024-10-21 13:31:14',	'2024-10-21 13:31:14'),
(330,	'Cup',	83,	'2024-10-21 13:31:24',	'2024-10-21 13:31:24'),
(331,	'Silver',	84,	'2024-10-21 13:35:01',	'2024-10-21 13:35:01'),
(332,	'Gold',	84,	'2024-10-21 13:35:11',	'2024-10-21 13:35:11'),
(333,	'Bronze',	84,	'2024-10-21 13:35:18',	'2024-10-21 13:35:18'),
(334,	'Platinum',	84,	'2024-10-21 13:35:28',	'2024-10-21 13:35:28'),
(335,	'Silver',	85,	'2024-10-21 13:37:17',	'2024-10-21 13:37:17'),
(336,	'Bronze',	85,	'2024-10-21 13:37:25',	'2024-10-21 13:37:25'),
(337,	'Platinum',	85,	'2024-10-21 13:37:32',	'2024-10-21 13:37:32'),
(338,	'Gold',	85,	'2024-10-21 13:37:47',	'2024-10-21 13:37:47'),
(339,	'Stick',	86,	'2024-10-21 13:39:19',	'2024-10-21 13:39:19'),
(340,	'Glass',	86,	'2024-10-21 13:39:29',	'2024-10-21 13:39:29'),
(341,	'Candle',	86,	'2024-10-21 13:39:40',	'2024-10-21 13:39:40'),
(342,	'Flower',	86,	'2024-10-21 13:39:48',	'2024-10-21 13:39:48'),
(343,	'Steel',	87,	'2024-10-21 13:47:28',	'2024-10-21 13:47:28'),
(344,	'Plastic',	87,	'2024-10-21 13:47:42',	'2024-10-21 13:47:42'),
(345,	'Ground',	87,	'2024-10-21 13:47:58',	'2024-10-21 13:47:58'),
(346,	'Wood',	87,	'2024-10-21 13:48:07',	'2024-10-21 13:48:07'),
(347,	'Water',	88,	'2024-10-21 13:49:41',	'2024-10-21 13:49:41'),
(348,	'Air',	88,	'2024-10-21 13:49:48',	'2024-10-21 13:49:48'),
(349,	'Soil',	88,	'2024-10-21 13:49:58',	'2024-10-21 13:50:09'),
(350,	'Rock',	88,	'2024-10-21 13:50:28',	'2024-10-21 13:50:28'),
(351,	'Noise',	89,	'2024-10-21 13:52:14',	'2024-10-21 13:52:14'),
(352,	'Melody',	89,	'2024-10-21 13:52:28',	'2024-10-21 13:52:28'),
(353,	'Storm',	89,	'2024-10-21 13:54:11',	'2024-10-21 13:54:11'),
(354,	'Wind',	89,	'2024-10-21 13:54:44',	'2024-10-21 13:54:44'),
(355,	'Clean',	90,	'2024-10-21 13:56:44',	'2024-10-21 13:56:44'),
(356,	'Waste',	90,	'2024-10-21 13:56:55',	'2024-10-21 13:56:55'),
(357,	'Blocks',	90,	'2024-10-21 13:57:45',	'2024-10-21 13:57:45'),
(358,	'Bottle',	90,	'2024-10-21 13:58:10',	'2024-10-21 13:58:10'),
(359,	'Shovel',	91,	'2024-10-21 14:00:15',	'2024-10-21 14:00:15'),
(360,	'Sand',	91,	'2024-10-21 14:00:27',	'2024-10-21 14:00:27'),
(361,	'Bucket',	91,	'2024-10-21 14:00:46',	'2024-10-21 14:00:46'),
(362,	'Hammer',	91,	'2024-10-21 14:01:34',	'2024-10-21 14:01:34'),
(363,	'Hammer',	92,	'2024-10-21 14:03:03',	'2024-10-21 14:03:03'),
(364,	'Nail',	92,	'2024-10-21 14:03:16',	'2024-10-21 14:03:16'),
(365,	'Shovel',	92,	'2024-10-21 14:03:30',	'2024-10-21 14:03:30'),
(366,	'Basket',	92,	'2024-10-21 14:03:38',	'2024-10-21 14:03:38'),
(367,	'Nail',	93,	'2024-10-21 14:05:42',	'2024-10-21 14:05:42'),
(368,	'Shovel',	93,	'2024-10-21 14:05:50',	'2024-10-21 14:05:50'),
(369,	'Sand',	93,	'2024-10-21 14:06:01',	'2024-10-21 14:06:01'),
(370,	'Hammer',	93,	'2024-10-21 14:06:13',	'2024-10-21 14:06:13'),
(371,	'Water',	94,	'2024-10-21 14:08:12',	'2024-10-21 14:08:12'),
(372,	'Sand',	94,	'2024-10-21 14:08:22',	'2024-10-21 14:08:22'),
(373,	'Axe',	94,	'2024-10-21 14:08:34',	'2024-10-21 14:08:34'),
(374,	'Stone',	94,	'2024-10-21 14:08:43',	'2024-10-21 14:08:43'),
(375,	'Stone',	95,	'2024-10-22 11:22:39',	'2024-10-22 11:22:39'),
(376,	'Rock',	95,	'2024-10-22 11:22:46',	'2024-10-22 11:22:46'),
(377,	'Water',	95,	'2024-10-22 11:22:55',	'2024-10-22 11:22:55'),
(378,	'Soil',	95,	'2024-10-22 11:23:05',	'2024-10-22 11:23:05'),
(379,	'Bucket',	96,	'2024-10-22 11:25:13',	'2024-10-22 11:25:13'),
(380,	'Can',	96,	'2024-10-22 11:25:21',	'2024-10-22 11:25:21'),
(381,	'Dirt',	96,	'2024-10-22 11:25:31',	'2024-10-22 11:25:31'),
(382,	'Soil',	96,	'2024-10-22 11:26:15',	'2024-10-22 11:26:15'),
(383,	'Arms',	97,	'2024-10-22 11:28:53',	'2024-10-22 11:28:53'),
(384,	'Foot',	97,	'2024-10-22 11:29:05',	'2024-10-22 11:29:05'),
(385,	'Skin',	97,	'2024-10-22 11:29:38',	'2024-10-22 11:29:38'),
(386,	'Head',	97,	'2024-10-22 11:29:56',	'2024-10-22 11:29:56'),
(387,	'Legs',	98,	'2024-10-22 11:33:02',	'2024-10-22 11:33:02'),
(388,	'Shadow',	98,	'2024-10-22 11:33:12',	'2024-10-22 11:33:12'),
(389,	'Arms',	98,	'2024-10-22 11:33:36',	'2024-10-22 11:33:36'),
(390,	'Skin',	98,	'2024-10-22 11:33:45',	'2024-10-22 11:33:45'),
(391,	'Feet',	99,	'2024-10-22 11:36:02',	'2024-10-22 11:36:02'),
(392,	'Nose',	99,	'2024-10-22 11:36:10',	'2024-10-22 11:36:10'),
(393,	'Eyes',	99,	'2024-10-22 11:36:16',	'2024-10-22 11:36:16'),
(394,	'Shadows',	99,	'2024-10-22 11:36:26',	'2024-10-22 11:36:26'),
(395,	'Noses',	100,	'2024-10-22 11:40:26',	'2024-10-22 11:40:26'),
(396,	'Skins',	100,	'2024-10-22 11:40:34',	'2024-10-22 11:40:34'),
(397,	'Muscles',	100,	'2024-10-22 11:40:47',	'2024-10-22 11:40:47'),
(398,	'Heads',	100,	'2024-10-22 11:41:03',	'2024-10-22 11:41:03'),
(399,	'Nose',	101,	'2024-10-22 11:43:39',	'2024-10-22 11:43:39'),
(400,	'Ear',	101,	'2024-10-22 11:43:50',	'2024-10-22 11:43:50'),
(401,	'Fist',	101,	'2024-10-22 11:44:04',	'2024-10-22 11:44:04'),
(402,	'Knee',	101,	'2024-10-22 11:44:34',	'2024-10-22 11:44:34'),
(403,	'Blow',	102,	'2024-10-22 11:46:11',	'2024-10-22 11:46:11'),
(404,	'Smile',	102,	'2024-10-22 11:47:23',	'2024-10-22 11:47:23'),
(405,	'Fist',	102,	'2024-10-22 11:47:32',	'2024-10-22 11:47:32'),
(406,	'Angry',	102,	'2024-10-22 11:47:49',	'2024-10-22 11:47:49'),
(407,	'Senior',	103,	'2024-10-22 11:52:49',	'2024-10-22 11:52:49'),
(408,	'Deacon',	103,	'2024-10-22 11:53:07',	'2024-10-22 11:53:07'),
(409,	'Teacher',	103,	'2024-10-22 11:53:17',	'2024-10-22 11:53:17'),
(410,	'Bishop',	103,	'2024-10-22 11:53:27',	'2024-10-22 11:53:27'),
(411,	'Ointment',	104,	'2024-10-25 03:40:08',	'2024-10-25 03:40:08'),
(412,	'Bag',	104,	'2024-10-25 03:40:28',	'2024-10-25 03:40:28'),
(413,	'Book',	104,	'2024-10-25 03:40:37',	'2024-10-25 03:40:37'),
(414,	'Parcel',	104,	'2024-10-25 03:40:49',	'2024-10-25 03:40:49'),
(415,	'Coats',	105,	'2024-10-25 03:42:30',	'2024-10-25 03:42:30'),
(416,	'Skirts',	105,	'2024-10-25 03:42:39',	'2024-10-25 03:42:39'),
(417,	'Boots',	105,	'2024-10-25 03:42:59',	'2024-10-25 03:42:59'),
(418,	'Shoes',	105,	'2024-10-25 03:43:08',	'2024-10-25 03:43:08');

DROP TABLE IF EXISTS `topics`;
CREATE TABLE `topics` (
  `id` bigint unsigned NOT NULL AUTO_INCREMENT,
  `name` varchar(255) CHARACTER SET utf8mb4 COLLATE utf8mb4_unicode_ci NOT NULL,
  `status` tinyint(1) NOT NULL DEFAULT '1',
  `created_at` timestamp NULL DEFAULT NULL,
  `updated_at` timestamp NULL DEFAULT NULL,
  PRIMARY KEY (`id`),
  UNIQUE KEY `name` (`name`(254))
) ENGINE=InnoDB DEFAULT CHARSET=utf8mb4 COLLATE=utf8mb4_unicode_ci;

INSERT INTO `topics` (`id`, `name`, `status`, `created_at`, `updated_at`) VALUES
(1,	'History',	1,	'2024-08-11 04:35:54',	'2024-08-11 04:35:54'),
(3,	'Creation',	1,	'2024-08-16 02:37:03',	'2024-08-16 02:37:03'),
(4,	'Salvation',	1,	'2024-09-13 04:35:35',	'2024-09-13 04:35:35'),
(6,	'Love',	1,	'2024-09-13 04:36:07',	'2024-09-13 04:42:46'),
(10,	'Faithfulness',	1,	'2024-09-28 12:54:47',	'2024-09-28 12:54:47');

DROP TABLE IF EXISTS `users`;
CREATE TABLE `users` (
  `id` bigint unsigned NOT NULL AUTO_INCREMENT,
  `first_name` varchar(180) CHARACTER SET utf8mb4 COLLATE utf8mb4_unicode_ci NOT NULL,
  `last_name` varchar(180) CHARACTER SET utf8mb4 COLLATE utf8mb4_unicode_ci NOT NULL,
  `middle_name` varchar(180) CHARACTER SET utf8mb4 COLLATE utf8mb4_unicode_ci DEFAULT NULL,
  `extension_name` varchar(10) CHARACTER SET utf8mb4 COLLATE utf8mb4_unicode_ci DEFAULT NULL,
  `email` varchar(255) CHARACTER SET utf8mb4 COLLATE utf8mb4_unicode_ci DEFAULT NULL,
  `email_verified_at` timestamp NULL DEFAULT NULL,
  `username` varchar(255) CHARACTER SET utf8mb4 COLLATE utf8mb4_unicode_ci NOT NULL,
  `password` varchar(255) CHARACTER SET utf8mb4 COLLATE utf8mb4_unicode_ci NOT NULL,
  `status` tinyint(1) NOT NULL DEFAULT '1',
  `remember_token` varchar(100) CHARACTER SET utf8mb4 COLLATE utf8mb4_unicode_ci DEFAULT NULL,
  `created_at` timestamp NULL DEFAULT NULL,
  `updated_at` timestamp NULL DEFAULT NULL,
  PRIMARY KEY (`id`),
  UNIQUE KEY `users_username_unique` (`username`),
  UNIQUE KEY `users_email_unique` (`email`)
) ENGINE=InnoDB DEFAULT CHARSET=utf8mb4 COLLATE=utf8mb4_unicode_ci;

INSERT INTO `users` (`id`, `first_name`, `last_name`, `middle_name`, `extension_name`, `email`, `email_verified_at`, `username`, `password`, `status`, `remember_token`, `created_at`, `updated_at`) VALUES
(1,	'Virgil',	'Rosalita',	'Tecson',	NULL,	'dimplevirgil@gmail.com',	'2024-08-11 04:11:33',	'berrydimple',	'$2y$12$fYFWxrPLbDpJaJw.LzbLBuR0NMIT9XK.K8lANkcSjiDy.4IOrRI0y',	1,	'ahA7Dh5cJm1sPDiDZrE5jJ7shi4GmiI6h9cIzUaad8X8bULW1vrggCJlrL8I',	'2024-08-11 04:11:33',	'2024-08-11 04:11:33'),
(2,	'Prinaniel',	'Rosalita',	NULL,	NULL,	'verniel09@yahoo.com',	NULL,	'Prinaniel',	'$2y$12$wv3ec93ZcyBLSzctQFi9Z.6aGzyb6QBAeXlgEuejezfTumYiwi.eS',	1,	NULL,	'2025-04-24 00:53:45',	'2025-04-24 00:53:45'),
(3,	'Prine',	'Alferez',	NULL,	NULL,	'prinealferez@gmail.com',	NULL,	'Prine',	'$2y$12$QXsEaxCKrkXdNFvqeJZdw.Y0cxEpqhW.skBxLOBCl1JJh30XfikJu',	1,	NULL,	'2025-04-24 01:05:10',	'2025-04-24 01:05:10'),
(5,	'Primitivo',	'Alferez',	NULL,	NULL,	'primal@gmail.com',	NULL,	'Primitivo',	'$2y$12$5p.URURmY/txCNIi7ZJ2fOYP15GA4qdXukh.aRbMc68uOvPAVcf.G',	1,	NULL,	'2025-04-24 01:08:12',	'2025-04-24 01:08:12'),
(6,	'Shekinah',	'Rosalita',	NULL,	NULL,	'shek@gmail.com',	NULL,	'Shekinah1213549724',	'$2y$12$Wfqn2e9PjvosjnDk15zOO.m.4nDmGNno0C3c4kaxnslAl4o26UfUK',	1,	NULL,	'2025-04-24 01:43:25',	'2025-04-24 01:43:25'),
(7,	'Shairah',	'Rosalita',	NULL,	NULL,	'shai@gmail.com',	NULL,	'Shairah1024827066',	'$2y$12$HhQYS5G5vIXEo1O38zCD7u2AVi.YSJfm0f9Jg5vdhwUzNPuc92sDC',	1,	NULL,	'2025-04-24 02:05:15',	'2025-04-24 02:05:15'),
(10,	'Virgil',	'Rosalita',	NULL,	NULL,	'shekinahberry143@gmail.com',	NULL,	'berry',	'$2y$12$8mL1wUgNVgmA/W6hS4v1F..mKM/VSno5Mm76Rha5vmQKJLC5mZff.',	1,	NULL,	'2025-04-25 07:39:27',	'2025-04-25 07:39:27');

-- 2025-04-27 13:16:36
